Well_Name,USGS_Site_ID,USGS_SiteName,Dist_421,Well_Location_Group,Dec_Lat_NAD83,Dec_Long_NAD83,Well_Depth
310B,USGS-473422095053402,310B 147N35W02CDCB 01,-200.45,NOP Upgradient,47.57290000,-95.09280830,90.02
310E,USGS-473422095053404,310E 147N35W02CDCB 01,-200.13,NOP Upgradient,47.57285556,-95.09277220,37.62
310A,USGS-473422095053401,310A 147N35W02CDCB 01,-199.74,NOP Upgradient,47.57290000,-95.09279720,34.28
603A,USGS-473424095053102,603A 147N35W02CDCA 01,-118.16,NOP Upgradient,47.57322500,-95.09182500,27.53
604A,USGS-473426095052614,604A 147N35W02CDAC 14,-34.89,NOP Near Oil Spill,47.57360830,-95.09086940,23.37
411,USGS-473425095052605,411 147N35W02CDAC 01,-5.58,NOP Near Oil Spill,47.57373610,-95.09052780,25.02
315,USGS-473426095052530,315       147N35W02CDAC,-4.02,NOP Near Oil Spill,47.57366389,-95.09045560,23.73
319,USGS-473425095052504,319       147N35W02CDAC,-3.09,NOP Near Oil Spill,47.57369720,-95.09037500,27.30
306,USGS-473426095052608,306 147N35W02CDAC 01,-2.38,NOP Near Oil Spill,47.57375556,-95.09049440,27.71
301A,USGS-473426095052526,301A 147N35W02CDAC 26,-2.06,NOP Near Oil Spill,47.57376940,-95.09050000,26.86
421B,USGS-473425095052611,421B 147N35W02CDAC 01,-0.84,NOP Near Oil Spill,47.57371940,-95.09044720,24.68
423,USGS-473426095052402,423 147N35W02CDAC 02,19.51,NOP Downgradient,47.57375000,-95.09016940,31.50
521,USGS-473426095052501,521       147N35W02CDAC,22.38,NOP Downgradient,47.57388889,-95.09026670,30.52
534A,USGS-473426095052414,534A 147N35W02CDAC 01,23.84,NOP Downgradient,47.57376940,-95.09011940,32.74
534B,USGS-473426095052415,534B 147N35W02CDAC 01 0000273834,24.44,NOP Downgradient,47.57377500,-95.09011390,33.14
522,USGS-473426095052409,522 147N35W02CDAC 01,25.71,NOP Downgradient,47.57378889,-95.09010560,32.39
420B,USGS-473426095052405,420B 147N35W02CDAC 01,33.29,NOP Downgradient,47.57375556,-95.08999720,44.45
533C,USGS-473426095052303,"533C near Bemidji, MN.",34.30,NOP Downgradient,47.57381940,-95.09000000,42.09
533B,USGS-473426095052302,"533B near Bemidji, MN.",34.87,NOP Downgradient,47.57382220,-95.08999170,37.05
533D,USGS-473426095052321,533D 147N35W02CDAC 21,37.23,NOP Downgradient,47.57383056,-95.08996390,31.02
533E,USGS-473426095052305,533E Bemidji Toxics Research Site,38.50,NOP Downgradient,47.57383610,-95.08994720,33.43
532C,USGS-473426095052410,532C 147N35W02CDAC 01 0000273832,44.79,NOP Downgradient,47.57385556,-95.08986940,41.17
532B,USGS-473426095052202,"532B near Bemidji, MN.",45.42,NOP Downgradient,47.57385830,-95.08986390,36.53
532A,USGS-473426095052201,"532A near Bemidji, MN.",46.10,NOP Downgradient,47.57386110,-95.08985560,33.96
532D,USGS-473426095052313,532D 147N35W02CDAC 01,48.00,NOP Downgradient,47.57386940,-95.08983330,51.98
532E,USGS-473426095052314,532E 147N35W02CDAC 01,49.62,NOP Downgradient,47.57387500,-95.08981390,36.77
518B,USGS-473426095052310,518B 147N35W02CDAC 01,55.71,NOP Downgradient,47.57389720,-95.08973890,35.70
518A,USGS-473427095052301,"518A near Bemidji, MN.",56.88,NOP Downgradient,47.57390278,-95.08972500,33.77
531B,USGS-473427095052202,"531B near Bemidji, MN.",66.46,NOP Downgradient,47.57394720,-95.08961670,33.56
531C,USGS-473427095052203,"531C near Bemidji, MN.",66.63,NOP Downgradient,47.57395556,-95.08961940,36.70
531A,USGS-473427095052201,"531A near Bemidji, MN.",67.46,NOP Downgradient,47.57395278,-95.08960560,35.27
531D,USGS-473427095052204,"531D near Bemidji, MN.",67.52,NOP Downgradient,47.57395830,-95.08960830,39.60
513,USGS-473427095052101,"513 near Bemidji, MN.",78.10,NOP Downgradient,47.57400278,-95.08948330,34.88
530C,USGS-473427095052103,"530C near Bemidji, MN.",90.50,NOP Downgradient,47.57406110,-95.08934170,44.06
530B,USGS-473427095052102,"530B near Bemidji, MN.",91.26,NOP Downgradient,47.57406389,-95.08933330,38.91
530A,USGS-473427095052207,530A 147N35W02CDAD 01,91.87,NOP Downgradient,47.57406940,-95.08932780,35.84
530D,USGS-473427095052104,"530D near Bemidji, MN.",93.43,NOP Downgradient,47.57407500,-95.08930830,37.22
9315A,USGS-473427095052001,"9315A near Bemidji, MN.",101.17,NOP Downgradient,47.57407778,-95.08919720,32.21
9315B,USGS-473427095052002,"9315B near Bemidji, MN.",101.49,NOP Downgradient,47.57407220,-95.08918890,35.87
9315D,USGS-473427095052004,"9315D near Bemidji, MN.",101.73,NOP Downgradient,47.57406389,-95.08918060,42.45
9315C,USGS-473427095052003,"9315C near Bemidji, MN.",101.96,NOP Downgradient,47.57405830,-95.08917220,39.09
510,USGS-473427095052107,510 147N35W02CDAD 01,104.77,NOP Downgradient,47.57413889,-95.08918610,35.70
1001B,USGS-473426095052103,1001B     147N35W02CDAD,106.15,,47.57417778,-95.08919160,12.78
956,USGS-473423095052901,956 147N35W02CDCA 01 0000273869,106.30,NOP Downgradient,47.57308056,-95.09148330,24.50
1001A,USGS-473426095052102,1001A     147N35W02CDAD,106.41,,47.57418889,-95.08919720,11.99
311,USGS-473427095052005,311 147N35W02CDAD 05,106.48,NOP Downgradient,47.57414167,-95.08916390,37.38
1101A,USGS-473427095052105,1101A 147N35W02CDAD 01 0000772870,114.60,NOP Downgradient,47.57413056,-95.08903610,35.80
1101B,USGS-473427095052006,1101B 147N35W02CDAD 01 0000772871,115.39,NOP Downgradient,47.57413330,-95.08902780,43.93
1101C,USGS-473427095052007,1101C 147N35W02CDAD 01 0000772872,116.29,NOP Downgradient,47.57413889,-95.08901670,48.78
1101D,USGS-473427095052008,1101D 147N35W02CDAD 01 0000772873,117.15,NOP Downgradient,47.57414167,-95.08900560,55.78
801D,USGS-473428095052004,"801D near Bemidji, MN.",123.26,NOP Downgradient,47.57418056,-95.08894440,41.08
801B,USGS-473428095052002,801B 147N35W02CDAD 01 0000273849,124.23,NOP Downgradient,47.57418330,-95.08893060,51.41
801A,USGS-473428095051901,"801A near Bemidji, MN.",125.43,NOP Downgradient,47.57418889,-95.08891940,37.33
809,USGS-473428095051909,809       147N35W02CDAD,130.80,NOP Downgradient,47.57420556,-95.08885000,34.75
515E,USGS-473428095051905,"515E near Bemidji, MN.",131.69,NOP Downgradient,47.57423610,-95.08885830,45.72
515C,USGS-473428095051903,"515C near Bemidji, MN.",132.50,NOP Downgradient,47.57423889,-95.08885000,34.88
515B,USGS-473428095051902,"515B near Bemidji, MN.",135.72,NOP Downgradient,47.57425278,-95.08881110,41.78
515A,USGS-473428095051911,515A 147N35W02CDAD 11,136.87,NOP Downgradient,47.57425556,-95.08879720,36.14
9316C,USGS-473428095051803,"9316C near Bemidji, MN.",151.12,NOP Downgradient,47.57430830,-95.08862500,48.55
9316B,USGS-473428095051802,"9316B near Bemidji, MN.",151.86,NOP Downgradient,47.57431110,-95.08861390,43.62
9316D,USGS-473428095051804,"9316D near Bemidji, MN.",152.53,NOP Downgradient,47.57427500,-95.08857780,53.60
9316A,USGS-473428095051801,"9316A near Bemidji, MN.",152.65,NOP Downgradient,47.57431667,-95.08860830,38.50
978,USGS-473420095052403,978       147N35W02CDDC,162.00,SOP,47.57229167,-95.09001390,10.38
528A,USGS-473428095051916,528A 147N35W02CDAA 01,166.21,SOP,47.57449440,-95.08853330,38.64
954A,USGS-473429095051603,954A 147N35W02DCBB 02 0000273868,188.25,SOP,47.57447220,-95.08819170,42.63
954C,USGS-473429095051604,954C 147N35W02DCBB 03 0000772869,188.83,SOP,47.57447500,-95.08818610,55.50
820B,USGS-473429095051502,820B 147N35W02DCBB 02 0000772866,210.71,SOP,47.57459720,-95.08795000,50.00
820A,USGS-473429095051501,820A 147N35W02DCBB 01 0000273862,214.80,SOP,47.57461667,-95.08790280,36.41
925D,USGS-473429095051304,"925D near Bemidji, MN.",254.42,SOP,47.57468330,-95.08736670,45.66
925B,USGS-473429095051302,925B 147N35W02DCBB 02,256.97,SOP,47.57469720,-95.08733890,92.14
925C,USGS-473429095051303,925C 147N35W02DCBB 03,257.24,SOP,47.57468610,-95.08732780,36.28
1217E,USGS-473429095051006,1217E 147N35W02DCBB 06,326.57,SOP,47.57461110,-95.08619440,19.07
1217B,USGS-473429095051003,1217B 147N35W02DCBB 03,327.52,SOP,47.57458330,-95.08622220,37.64
1217C,USGS-473429095051004,1217C 147N35W02DCBB 04,328.37,SOP,47.57461110,-95.08622220,15.46
312,USGS-473421095052301,312 147N35W02CDDC 01,,SOP,47.57225000,-95.09005560,11.58
314,USGS-473420095052406,314 147N35W02CDDC 01,,SOP,47.57234167,-95.08997780,11.04
9021,USGS-473416095052801,9021 147N35W11BABA 01,,SOP Upgradient,47.57092778,-95.09144170,22.78
9026,USGS-473426095052104,9026      147N35W02CDAD,,NOP Downgradient,47.57398056,-95.08907780,35.03
916,USGS-473423095052101,916       147N35W02CDDA,,SOP Downgradient,47.57277778,-95.08943330,21.95
1707,USGS-473425095051601,1707 Bemidji Toxics Research Site 0000786138,,MOP Downgradient,47.57378056,-95.08777780,41.57
1708,USGS-473423095051501,1708 Bemidji Toxics Research Site 0000786139,,SOP Downgradient,47.57329440,-95.08751390,39.45
1802,USGS-473423095052902,1802 Bemidji Toxics Research Site 0000786140,,NOP Near Oil Spill,47.57290556,-95.09150560,20.66
1907A,USGS-473426095051001,1907A Bemidji Toxics Research Site,,SOP Downgradient,47.57392500,-95.08621110,11.54
1907B,USGS-473426095051002,1907B Bemidji Toxics Research Site,,SOP Downgradient,47.57390830,-95.08620280,13.48
1907C,USGS-473426095051003,1907C Bemidji Toxics Research Site,,SOP Downgradient,47.57391667,-95.08621110,17.47
2103A,USGS-473429095051402,2103A Bemidji Toxics Research Site,,NOP Downgradient,47.57487500,-95.08674720,10.34
2103B,USGS-473429095051403,2103B Bemidji Toxics Research Site,,NOP Downgradient,47.57487220,-95.08673890,14.46
2103C,USGS-473429095051404,2103C Bemidji Toxics Research Site,,NOP Downgradient,47.57487500,-95.08675560,19.41
2104A,USGS-473429095051405,2104A Bemidji Toxics Research Site,,NOP Downgradient,47.57481389,-95.08704720,27.98
2104B,USGS-473429095051406,2104B Bemidji Toxics Research Site,,NOP Downgradient,47.57480556,-95.08705000,33.02
2104C,USGS-473429095051407,2104C Bemidji Toxics Research Site,,NOP Downgradient,47.57481940,-95.08704720,34.97
2105A,USGS-473430095051501,2105A Bemidji Toxics Research Site 0000186141,,NOP Downgradient,47.57477500,-95.08748330,39.91
2105B,USGS-473430095051505,2105B Bemidji Toxics Research Site 0000186142,,NOP Downgradient,47.57480278,-95.08746940,44.71
2105C,USGS-473430095051506,2105C Bemidji Toxics Research Site 0000186143,,NOP Downgradient,47.57479167,-95.08746110,50.27
2209,USGS-473423095051901,2209 Bemidji Toxics Research Site 0000786144,,NOP Downgradient,47.57291940,-95.08872500,27.58
Unnamed Lake at Raft,USGS-473428095050801,"UNNAMED LAKE, W. SIDE, AT RAFT, SE OF PINEWOOD, MN",,,47.57444444,-95.08555556,
