FileName_enttypl,AttributeLabel_attrlabl,AttributeDefinition_attrdef,AttributeDefSource_attrdefs,AttributeDomain
tblds_01_OilData.csv,dataset_id,Alphanumeric string assigned to identify groups of related records that comprise a single data set.,Producer-defined,enumerated domain (edom); members of an established set of values
tblds_01_OilData.csv,LocalSiteName,"This is the unique name assigned to this x y location at the research site.  It is the primary key to link location information to all other data sets. An ""x"" was prepended to the values in this field to prevent automatic truncation of leading 0's in the field by software programs used to open .csv files. Users should format this field as text and then use a ""Find and Replace"" tool to remove the x's.",Producer-defined,enumerated domain (edom); members of an established set of values
tblds_01_OilData.csv,OrigSiteName,"These site names are from original data provided by original data authors.  These are kept in case the original, archived data need to be compared with the data in this data release.",Producer-defined,unrepresentable domain (udom)
tblds_01_OilData.csv,sample_dt,Date the sample was collected.,Producer-defined,range domain (rdom); minimum and maximum values of a continuum of valid values
tblds_01_OilData.csv,Comments_sample_dt,Further information to help understand the sample date.,Producer-defined,unrepresentable domain (udom)
tblds_01_OilData.csv,medium_cd,Environmental media from which the sample was collected.,U.S. Geological Survey National Water Information System at http://nwis.waterdata.usgs.gov/usa/nwis/ and producer-defined,enumerated domain (edom); members of an established set of values
tblds_01_OilData.csv,sample_type_cd,Type of sample collected.,U.S. Geological Survey National Water Information System at http://nwis.waterdata.usgs.gov/usa/nwis/ and producer-defined,enumerated domain (edom); members of an established set of values
tblds_01_OilData.csv,lab_type_cd,Laboratory sample type code.,Producer-defined,enumerated domain (edom); members of an established set of values
tblds_01_OilData.csv,lab_rep_cd,Laboratory replicate code for the analysis of separate aliquots taken from a single field sample.,Producer-defined,enumerated domain (edom); members of an established set of values
tblds_01_OilData.csv,lab_run_cd,Laboratory run code for the analysis of separate runs for a single aliquot taken from a single field sample.,Producer-defined,enumerated domain (edom); members of an established set of values
tblds_01_OilData.csv,parm_cd,"Five-digit codes used to identify the constituent or property measured.  An ""x"" was prepended to the values in this field to prevent automatic truncation of leading 0's in the field by software programs used to open .csv files. Users can format this field as text and then use a ""Find and Replace"" tool to remove the x's if so desired.",U.S. Geological Survey National Water Information System at http://nwis.waterdata.usgs.gov/usa/nwis/ and producer-defined,enumerated domain (edom); members of an established set of values
tblds_01_OilData.csv,parm_shortname,"Short, descriptive ""database appropriate"" name describing what the result value is representing.",Producer-defined,enumerated domain (edom); members of an established set of values
tblds_01_OilData.csv,remark_cd,Code that qualifies a result in the result_va field for the constituent or property measured.,U.S. Geological Survey National Water Information System at http://nwis.waterdata.usgs.gov/usa/nwis/ and producer-defined,enumerated domain (edom); members of an established set of values
tblds_01_OilData.csv,result_va,The numeric result value of the constituent or property measured. Or the minimum or maximum reporting value of the constituent or property measured if it was not detected in the sample.,Producer-defined,unrepresentable domain (udom)
tblds_01_OilData.csv,meth_cd,"Method code for calculating or measuring the value of a parameter. An ""x"" was prepended to the values in this field to prevent automatic truncation of leading 0's in the field by software programs used to open .csv files. Users can format this field as text and then use a ""Find and Replace"" tool to remove the x's if so desired.",U.S. Geological Survey National Water Information System at http://nwis.waterdata.usgs.gov/usa/nwis/ and producer-defined,enumerated domain (edom); members of an established set of values
tblds_01_OilData.csv,pub,"Reference(s) for previously published report(s) in which the data collection methods were presented and the result values were discussed, summarized, and/or displayed in tabular or graphic form.",Producer-defined,unrepresentable domain (udom)
tblds_01_OilData.csv,Comments,Further information to help understand and qualify individual data records.,Producer-defined,unrepresentable domain (udom)
tblds_02_InorgWaterData.csv,dataset_id,Alphanumeric string assigned to identify groups of related records that comprise a single data set.,Producer-defined,enumerated domain (edom); members of an established set of values
tblds_02_InorgWaterData.csv,LocalSiteName,"This is the unique name assigned to this x y location at the research site.  It is the primary key to link location information to all other data sets. An ""x"" was prepended to the values in this field to prevent automatic truncation of leading 0's in the field by software programs used to open .csv files. Users should format this field as text and then use a ""Find and Replace"" tool to remove the x's.",Producer-defined,enumerated domain (edom); members of an established set of values
tblds_02_InorgWaterData.csv,OrigSiteName,"These site names are from original data provided by original data authors.  These are kept in case the original, archived data need to be compared with the data in this data release.",Producer-defined,unrepresentable domain (udom)
tblds_02_InorgWaterData.csv,sample_dt,Date the sample was collected.,Producer-defined,range domain (rdom); minimum and maximum values of a continuum of valid values
tblds_02_InorgWaterData.csv,Comments_sample_dt,Further information to help understand the sample date.,Producer-defined,unrepresentable domain (udom)
tblds_02_InorgWaterData.csv,medium_cd,Environmental media from which the sample was collected.,U.S. Geological Survey National Water Information System at http://nwis.waterdata.usgs.gov/usa/nwis/ and producer-defined,enumerated domain (edom); members of an established set of values
tblds_02_InorgWaterData.csv,parm_cd,"Five-digit codes used to identify the constituent or property measured.  An ""x"" was prepended to the values in this field to prevent automatic truncation of leading 0's in the field by software programs used to open .csv files. Users can format this field as text and then use a ""Find and Replace"" tool to remove the x's if so desired.",U.S. Geological Survey National Water Information System at http://nwis.waterdata.usgs.gov/usa/nwis/ and producer-defined,enumerated domain (edom); members of an established set of values
tblds_02_InorgWaterData.csv,parm_shortname,"Short, descriptive ""database appropriate"" name describing what the result value is representing.",Producer-defined,enumerated domain (edom); members of an established set of values
tblds_02_InorgWaterData.csv,remark_cd,Code that qualifies a result in the result_va field for the constituent or property measured.,U.S. Geological Survey National Water Information System at http://nwis.waterdata.usgs.gov/usa/nwis/ and producer-defined,enumerated domain (edom); members of an established set of values
tblds_02_InorgWaterData.csv,result_va,The numeric result value of the constituent or property measured. Or the minimum or maximum reporting value of the constituent or property measured if it was not detected in the sample.,Producer-defined,unrepresentable domain (udom)
tblds_02_InorgWaterData.csv,meth_cd,"Method code for calculating or measuring the value of a parameter. An ""x"" was prepended to the values in this field to prevent automatic truncation of leading 0's in the field by software programs used to open .csv files. Users can format this field as text and then use a ""Find and Replace"" tool to remove the x's if so desired.",U.S. Geological Survey National Water Information System at http://nwis.waterdata.usgs.gov/usa/nwis/ and producer-defined,enumerated domain (edom); members of an established set of values
tblds_02_InorgWaterData.csv,pub,"Reference(s) for previously published report(s) in which the data collection methods were presented and the result values were discussed, summarized, and/or displayed in tabular or graphic form.",Producer-defined,unrepresentable domain (udom)
tblds_02_InorgWaterData.csv,Comments,Further information to help understand and qualify individual data records.,Producer-defined,unrepresentable domain (udom)
tblds_03_OrgWaterData.csv,dataset_id,Alphanumeric string assigned to identify groups of related records that comprise a single data set.,Producer-defined,enumerated domain (edom); members of an established set of values
tblds_03_OrgWaterData.csv,LocalSiteName,"This is the unique name assigned to this x y location at the research site.  It is the primary key to link location information to all other data sets. An ""x"" was prepended to the values in this field to prevent automatic truncation of leading 0's in the field by software programs used to open .csv files. Users should format this field as text and then use a ""Find and Replace"" tool to remove the x's.",Producer-defined,enumerated domain (edom); members of an established set of values
tblds_03_OrgWaterData.csv,OrigSiteName,"These site names are from original data provided by original data authors.  These are kept in case the original, archived data need to be compared with the data in this data release.",Producer-defined,unrepresentable domain (udom)
tblds_03_OrgWaterData.csv,sample_dt,Date the sample was collected.,Producer-defined,range domain (rdom); minimum and maximum values of a continuum of valid values
tblds_03_OrgWaterData.csv,Comments_sample_dt,Further information to help understand the sample date.,Producer-defined,unrepresentable domain (udom)
tblds_03_OrgWaterData.csv,medium_cd,Environmental media from which the sample was collected.,U.S. Geological Survey National Water Information System at http://nwis.waterdata.usgs.gov/usa/nwis/ and producer-defined,enumerated domain (edom); members of an established set of values
tblds_03_OrgWaterData.csv,parm_cd,"Five-digit codes used to identify the constituent or property measured.  An ""x"" was prepended to the values in this field to prevent automatic truncation of leading 0's in the field by software programs used to open .csv files. Users can format this field as text and then use a ""Find and Replace"" tool to remove the x's if so desired.",U.S. Geological Survey National Water Information System at http://nwis.waterdata.usgs.gov/usa/nwis/ and producer-defined,enumerated domain (edom); members of an established set of values
tblds_03_OrgWaterData.csv,parm_shortname,"Short, descriptive ""database appropriate"" name describing what the result value is representing.",Producer-defined,enumerated domain (edom); members of an established set of values
tblds_03_OrgWaterData.csv,remark_cd,Code that qualifies a result in the result_va field for the constituent or property measured.,U.S. Geological Survey National Water Information System at http://nwis.waterdata.usgs.gov/usa/nwis/ and producer-defined,enumerated domain (edom); members of an established set of values
tblds_03_OrgWaterData.csv,result_va,The numeric result value of the constituent or property measured. Or the minimum or maximum reporting value of the constituent or property measured if it was not detected in the sample.,Producer-defined,unrepresentable domain (udom)
tblds_03_OrgWaterData.csv,meth_cd,"Method code for calculating or measuring the value of a parameter. An ""x"" was prepended to the values in this field to prevent automatic truncation of leading 0's in the field by software programs used to open .csv files. Users can format this field as text and then use a ""Find and Replace"" tool to remove the x's if so desired.",U.S. Geological Survey National Water Information System at http://nwis.waterdata.usgs.gov/usa/nwis/ and producer-defined,enumerated domain (edom); members of an established set of values
tblds_03_OrgWaterData.csv,pub,"Reference(s) for previously published report(s) in which the data collection methods were presented and the result values were discussed, summarized, and/or displayed in tabular or graphic form.",Producer-defined,unrepresentable domain (udom)
tblds_03_OrgWaterData.csv,Comments,Further information to help understand and qualify individual data records.,Producer-defined,unrepresentable domain (udom)
tblds_05_GrainSizeDist_1990s.csv,dataset_id,Alphanumeric string assigned to identify groups of related records that comprise a single data set.,Producer-defined,enumerated domain (edom); members of an established set of values
tblds_05_GrainSizeDist_1990s.csv,LocalSiteName,"This is the unique name assigned to this x y location at the research site.  It is the primary key to link location information to all other data sets. An ""x"" was prepended to the values in this field to prevent automatic truncation of leading 0's in the field by software programs used to open .csv files. Users should format this field as text and then use a ""Find and Replace"" tool to remove the x's.",Producer-defined,enumerated domain (edom); members of an established set of values
tblds_05_GrainSizeDist_1990s.csv,OrigSiteName,"These site names are from original data provided by original data authors.  These are kept in case the original, archived data need to be compared with the data in this data release.",Producer-defined,unrepresentable domain (udom)
tblds_05_GrainSizeDist_1990s.csv,sample_dt,Date the sample was collected.,Producer-defined,range domain (rdom); minimum and maximum values of a continuum of valid values
tblds_05_GrainSizeDist_1990s.csv,Comments_sample_dt,Further information to help understand the sample date.,Producer-defined,unrepresentable domain (udom)
tblds_05_GrainSizeDist_1990s.csv,medium_cd,Environmental media from which the sample was collected.,U.S. Geological Survey National Water Information System at http://nwis.waterdata.usgs.gov/usa/nwis/ and producer-defined,enumerated domain (edom); members of an established set of values
tblds_05_GrainSizeDist_1990s.csv,TOS_mBLS,The distance from land surface to the top of the subcore sample interval.,Producer-defined,range domain (rdom); minimum and maximum values of a continuum of valid values
tblds_05_GrainSizeDist_1990s.csv,BOS_mBLS,The distance from land surface to the bottom of the subcore sample interval.,Producer-defined,range domain (rdom); minimum and maximum values of a continuum of valid values
tblds_05_GrainSizeDist_1990s.csv,min_diam_mm,The minimum diameter (in millimeters) of the particles contained in the sediment subsample.  The value in the result_va field is for particles with diameters between min_diam_mm and max_diam_mm; null values in this field indicate a size fraction less than the value in the max_diam_mm field.  Minimum and maximum diameters correspond to sieve opening sizes (for the seive method) or settling rates (for the hydrometer method).,Producer-defined,range domain (rdom); minimum and maximum values of a continuum of valid values
tblds_05_GrainSizeDist_1990s.csv,max_diam_mm,The maximum diameter (in millimeters) of the particles contained in the sediment subsample.  The value in the result_va field is for particles with diameters between min_diam_mm and max_diam_mm; null values in this field indicate a size fraction greater than the value in the min_diam_mm field.  Minimum and maximum diameters correspond to sieve opening sizes (for the seive method) or settling rates (for the hydrometer method).,Producer-defined,range domain (rdom); minimum and maximum values of a continuum of valid values
tblds_05_GrainSizeDist_1990s.csv,parm_cd,"Five-digit codes used to identify the constituent or property measured.  An ""x"" was prepended to the values in this field to prevent automatic truncation of leading 0's in the field by software programs used to open .csv files. Users can format this field as text and then use a ""Find and Replace"" tool to remove the x's if so desired.",U.S. Geological Survey National Water Information System at http://nwis.waterdata.usgs.gov/usa/nwis/ and producer-defined,enumerated domain (edom); members of an established set of values
tblds_05_GrainSizeDist_1990s.csv,parm_shortname,"Short, descriptive ""database appropriate"" name describing what the result value is representing.",Producer-defined,enumerated domain (edom); members of an established set of values
tblds_05_GrainSizeDist_1990s.csv,remark_cd,Code that qualifies a result in the result_va field for the constituent or property measured.,U.S. Geological Survey National Water Information System at http://nwis.waterdata.usgs.gov/usa/nwis/ and producer-defined,enumerated domain (edom); members of an established set of values
tblds_05_GrainSizeDist_1990s.csv,result_va,The numeric result value of the constituent or property measured. Or the minimum or maximum reporting value of the constituent or property measured if it was not detected in the sample.,Producer-defined,unrepresentable domain (udom)
tblds_05_GrainSizeDist_1990s.csv,meth_cd,"Method code for calculating or measuring the value of a parameter. An ""x"" was prepended to the values in this field to prevent automatic truncation of leading 0's in the field by software programs used to open .csv files. Users can format this field as text and then use a ""Find and Replace"" tool to remove the x's if so desired.",U.S. Geological Survey National Water Information System at http://nwis.waterdata.usgs.gov/usa/nwis/ and producer-defined,enumerated domain (edom); members of an established set of values
tblds_05_GrainSizeDist_1990s.csv,pub,"Reference(s) for previously published report(s) in which the data collection methods were presented and the result values were discussed, summarized, and/or displayed in tabular or graphic form.",Producer-defined,unrepresentable domain (udom)
tblds_05_GrainSizeDist_1990s.csv,Comments,Further information to help understand and qualify individual data records.,Producer-defined,unrepresentable domain (udom)
tblds_06_SedCoreOil.csv,dataset_id,Alphanumeric string assigned to identify groups of related records that comprise a single data set.,Producer-defined,enumerated domain (edom); members of an established set of values
tblds_06_SedCoreOil.csv,LocalSiteName,"This is the unique name assigned to this x y location at the research site.  It is the primary key to link location information to all other data sets. An ""x"" was prepended to the values in this field to prevent automatic truncation of leading 0's in the field by software programs used to open .csv files. Users should format this field as text and then use a ""Find and Replace"" tool to remove the x's.",Producer-defined,enumerated domain (edom); members of an established set of values
tblds_06_SedCoreOil.csv,OrigSiteName,"These site names are from original data provided by original data authors.  These are kept in case the original, archived data need to be compared with the data in this data release.",Producer-defined,unrepresentable domain (udom)
tblds_06_SedCoreOil.csv,sample_dt,Date the sample was collected.,Producer-defined,range domain (rdom); minimum and maximum values of a continuum of valid values
tblds_06_SedCoreOil.csv,Comments_sample_dt,Further information to help understand the sample date.,Producer-defined,unrepresentable domain (udom)
tblds_06_SedCoreOil.csv,medium_cd,Environmental media from which the sample was collected.,U.S. Geological Survey National Water Information System at http://nwis.waterdata.usgs.gov/usa/nwis/ and producer-defined,enumerated domain (edom); members of an established set of values
tblds_06_SedCoreOil.csv,core_no,An identification number assigned to identify a core's location within a borehole.  Cores were collected into polycarbonate liners with a wire-line piston core sampler on a hollow stem auger rig. Cores extracted from the borehole were typically between 1 and 2 meters long.  These long sections were then cut into smaller subcore samples for analysis.,Producer-defined,unrepresentable domain (udom)
tblds_06_SedCoreOil.csv,TOS_mBLS,The distance from land surface to the top of the subcore sample interval.,Producer-defined,range domain (rdom); minimum and maximum values of a continuum of valid values
tblds_06_SedCoreOil.csv,BOS_mBLS,The distance from land surface to the bottom of the subcore sample interval.,Producer-defined,range domain (rdom); minimum and maximum values of a continuum of valid values
tblds_06_SedCoreOil.csv,subcore_cm,The length of the subcore sample in the polycarbonate liner.  Cores were collected into polycarbonate liners with a wire-line piston core sampler on a hollow stem auger rig. Cores extracted from the borehole were typically between 1 and 2 meters long.  These long sections were then cut into smaller subcore samples for analysis. This field contains the length of the subcore sample within the liner.,Producer-defined,range domain (rdom); minimum and maximum values of a continuum of valid values
tblds_06_SedCoreOil.csv,parm_cd,"Five-digit codes used to identify the constituent or property measured.  An ""x"" was prepended to the values in this field to prevent automatic truncation of leading 0's in the field by software programs used to open .csv files. Users can format this field as text and then use a ""Find and Replace"" tool to remove the x's if so desired.",U.S. Geological Survey National Water Information System at http://nwis.waterdata.usgs.gov/usa/nwis/ and producer-defined,enumerated domain (edom); members of an established set of values
tblds_06_SedCoreOil.csv,parm_shortname,"Short, descriptive ""database appropriate"" name describing what the result value is representing.",Producer-defined,enumerated domain (edom); members of an established set of values
tblds_06_SedCoreOil.csv,remark_cd,Code that qualifies a result in the result_va field for the constituent or property measured.,U.S. Geological Survey National Water Information System at http://nwis.waterdata.usgs.gov/usa/nwis/ and producer-defined,enumerated domain (edom); members of an established set of values
tblds_06_SedCoreOil.csv,result_va,The numeric result value of the constituent or property measured. Or the minimum or maximum reporting value of the constituent or property measured if it was not detected in the sample.,Producer-defined,unrepresentable domain (udom)
tblds_06_SedCoreOil.csv,meth_cd,"Method code for calculating or measuring the value of a parameter. An ""x"" was prepended to the values in this field to prevent automatic truncation of leading 0's in the field by software programs used to open .csv files. Users can format this field as text and then use a ""Find and Replace"" tool to remove the x's if so desired.",U.S. Geological Survey National Water Information System at http://nwis.waterdata.usgs.gov/usa/nwis/ and producer-defined,enumerated domain (edom); members of an established set of values
tblds_06_SedCoreOil.csv,pub,"Reference(s) for previously published report(s) in which the data collection methods were presented and the result values were discussed, summarized, and/or displayed in tabular or graphic form.",Producer-defined,unrepresentable domain (udom)
tblds_06_SedCoreOil.csv,Comments,Further information to help understand and qualify individual data records.,Producer-defined,unrepresentable domain (udom)
tblds_07_HydrCond.csv,dataset_id,Alphanumeric string assigned to identify groups of related records that comprise a single data set.,Producer-defined,enumerated domain (edom); members of an established set of values
tblds_07_HydrCond.csv,LocalSiteName,"This is the unique name assigned to this x y location at the research site.  It is the primary key to link location information to all other data sets. An ""x"" was prepended to the values in this field to prevent automatic truncation of leading 0's in the field by software programs used to open .csv files. Users should format this field as text and then use a ""Find and Replace"" tool to remove the x's.",Producer-defined,enumerated domain (edom); members of an established set of values
tblds_07_HydrCond.csv,OrigSiteName,"These site names are from original data provided by original data authors.  These are kept in case the original, archived data need to be compared with the data in this data release.",Producer-defined,unrepresentable domain (udom)
tblds_07_HydrCond.csv,sample_dt,Date the sample was collected.,Producer-defined,range domain (rdom); minimum and maximum values of a continuum of valid values
tblds_07_HydrCond.csv,Comments_sample_dt,Further information to help understand the sample date.,Producer-defined,unrepresentable domain (udom)
tblds_07_HydrCond.csv,rep_no,Hydraulic conductivity test replicate number from the same site in sequential order.,Producer-defined,enumerated domain (edom); members of an established set of values
tblds_07_HydrCond.csv,parm_cd,"Five-digit codes used to identify the constituent or property measured.  An ""x"" was prepended to the values in this field to prevent automatic truncation of leading 0's in the field by software programs used to open .csv files. Users can format this field as text and then use a ""Find and Replace"" tool to remove the x's if so desired.",U.S. Geological Survey National Water Information System at http://nwis.waterdata.usgs.gov/usa/nwis/ and producer-defined,enumerated domain (edom); members of an established set of values
tblds_07_HydrCond.csv,parm_shortname,"Short, descriptive ""database appropriate"" name describing what the result value is representing.",Producer-defined,enumerated domain (edom); members of an established set of values
tblds_07_HydrCond.csv,remark_cd,Code that qualifies a result in the result_va field for the constituent or property measured.,U.S. Geological Survey National Water Information System at http://nwis.waterdata.usgs.gov/usa/nwis/ and producer-defined,enumerated domain (edom); members of an established set of values
tblds_07_HydrCond.csv,result_va,The numeric result value of the constituent or property measured. Or the minimum or maximum reporting value of the constituent or property measured if it was not detected in the sample.,Producer-defined,unrepresentable domain (udom)
tblds_07_HydrCond.csv,meth_cd,"Method code for calculating or measuring the value of a parameter. An ""x"" was prepended to the values in this field to prevent automatic truncation of leading 0's in the field by software programs used to open .csv files. Users can format this field as text and then use a ""Find and Replace"" tool to remove the x's if so desired.",U.S. Geological Survey National Water Information System at http://nwis.waterdata.usgs.gov/usa/nwis/ and producer-defined,enumerated domain (edom); members of an established set of values
tblds_07_HydrCond.csv,pub,"Reference(s) for previously published report(s) in which the data collection methods were presented and the result values were discussed, summarized, and/or displayed in tabular or graphic form.",Producer-defined,unrepresentable domain (udom)
tblds_07_HydrCond.csv,Comments,Further information to help understand and qualify individual data records.,Producer-defined,unrepresentable domain (udom)
tblds_08_SedIronData.csv,dataset_id,Alphanumeric string assigned to identify groups of related records that comprise a single data set.,Producer-defined,enumerated domain (edom); members of an established set of values
tblds_08_SedIronData.csv,LocalSiteName,"This is the unique name assigned to this x y location at the research site.  It is the primary key to link location information to all other data sets. An ""x"" was prepended to the values in this field to prevent automatic truncation of leading 0's in the field by software programs used to open .csv files. Users should format this field as text and then use a ""Find and Replace"" tool to remove the x's.",Producer-defined,enumerated domain (edom); members of an established set of values
tblds_08_SedIronData.csv,OrigSiteName,"These site names are from original data provided by original data authors.  These are kept in case the original, archived data need to be compared with the data in this data release.",Producer-defined,unrepresentable domain (udom)
tblds_08_SedIronData.csv,sample_dt,Date the sample was collected.,Producer-defined,range domain (rdom); minimum and maximum values of a continuum of valid values
tblds_08_SedIronData.csv,Comments_sample_dt,Further information to help understand the sample date.,Producer-defined,unrepresentable domain (udom)
tblds_08_SedIronData.csv,medium_cd,Environmental media from which the sample was collected.,U.S. Geological Survey National Water Information System at http://nwis.waterdata.usgs.gov/usa/nwis/ and producer-defined,enumerated domain (edom); members of an established set of values
tblds_08_SedIronData.csv,TOC_mBLS,The depth to the top of the core sample that was extracted from the subsurface.,Producer-defined,range domain (rdom); minimum and maximum values of a continuum of valid values
tblds_08_SedIronData.csv,TOS_cmTOC,The distance from the top of the core sample to the top of the subcore interval (TOS).,Producer-defined,range domain (rdom); minimum and maximum values of a continuum of valid values
tblds_08_SedIronData.csv,BOS_cmTOC,The distance from the top of the core sample to the bottom of the subcore interval (BOS).,Producer-defined,range domain (rdom); minimum and maximum values of a continuum of valid values
tblds_08_SedIronData.csv,parm_cd,"Five-digit codes used to identify the constituent or property measured.  An ""x"" was prepended to the values in this field to prevent automatic truncation of leading 0's in the field by software programs used to open .csv files. Users can format this field as text and then use a ""Find and Replace"" tool to remove the x's if so desired.",U.S. Geological Survey National Water Information System at http://nwis.waterdata.usgs.gov/usa/nwis/ and producer-defined,enumerated domain (edom); members of an established set of values
tblds_08_SedIronData.csv,parm_shortname,"Short, descriptive ""database appropriate"" name describing what the result value is representing.",Producer-defined,enumerated domain (edom); members of an established set of values
tblds_08_SedIronData.csv,remark_cd,Code that qualifies a result in the result_va field for the constituent or property measured.,U.S. Geological Survey National Water Information System at http://nwis.waterdata.usgs.gov/usa/nwis/ and producer-defined,enumerated domain (edom); members of an established set of values
tblds_08_SedIronData.csv,result_va,The numeric result value of the constituent or property measured. Or the minimum or maximum reporting value of the constituent or property measured if it was not detected in the sample.,Producer-defined,unrepresentable domain (udom)
tblds_08_SedIronData.csv,meth_cd,"Method code for calculating or measuring the value of a parameter. An ""x"" was prepended to the values in this field to prevent automatic truncation of leading 0's in the field by software programs used to open .csv files. Users can format this field as text and then use a ""Find and Replace"" tool to remove the x's if so desired.",U.S. Geological Survey National Water Information System at http://nwis.waterdata.usgs.gov/usa/nwis/ and producer-defined,enumerated domain (edom); members of an established set of values
tblds_08_SedIronData.csv,pub,"Reference(s) for previously published report(s) in which the data collection methods were presented and the result values were discussed, summarized, and/or displayed in tabular or graphic form.",Producer-defined,unrepresentable domain (udom)
tblds_08_SedIronData.csv,Comments,Further information to help understand and qualify individual data records.,Producer-defined,unrepresentable domain (udom)
tblds_09_InorgWaterData_2009.csv,dataset_id,Alphanumeric string assigned to identify groups of related records that comprise a single data set.,Producer-defined,enumerated domain (edom); members of an established set of values
tblds_09_InorgWaterData_2009.csv,LocalSiteName,"This is the unique name assigned to this x y location at the research site.  It is the primary key to link location information to all other data sets. An ""x"" was prepended to the values in this field to prevent automatic truncation of leading 0's in the field by software programs used to open .csv files. Users should format this field as text and then use a ""Find and Replace"" tool to remove the x's.",Producer-defined,enumerated domain (edom); members of an established set of values
tblds_09_InorgWaterData_2009.csv,OrigSiteName,"These site names are from original data provided by original data authors.  These are kept in case the original, archived data need to be compared with the data in this data release.",Producer-defined,unrepresentable domain (udom)
tblds_09_InorgWaterData_2009.csv,sample_dt,Date the sample was collected.,Producer-defined,range domain (rdom); minimum and maximum values of a continuum of valid values
tblds_09_InorgWaterData_2009.csv,Comments_sample_dt,Further information to help understand the sample date.,Producer-defined,unrepresentable domain (udom)
tblds_09_InorgWaterData_2009.csv,medium_cd,Environmental media from which the sample was collected.,U.S. Geological Survey National Water Information System at http://nwis.waterdata.usgs.gov/usa/nwis/ and producer-defined,enumerated domain (edom); members of an established set of values
tblds_09_InorgWaterData_2009.csv,parm_cd,"Five-digit codes used to identify the constituent or property measured.  An ""x"" was prepended to the values in this field to prevent automatic truncation of leading 0's in the field by software programs used to open .csv files. Users can format this field as text and then use a ""Find and Replace"" tool to remove the x's if so desired.",U.S. Geological Survey National Water Information System at http://nwis.waterdata.usgs.gov/usa/nwis/ and producer-defined,enumerated domain (edom); members of an established set of values
tblds_09_InorgWaterData_2009.csv,parm_shortname,"Short, descriptive ""database appropriate"" name describing what the result value is representing.",Producer-defined,enumerated domain (edom); members of an established set of values
tblds_09_InorgWaterData_2009.csv,remark_cd,Code that qualifies a result in the result_va field for the constituent or property measured.,U.S. Geological Survey National Water Information System at http://nwis.waterdata.usgs.gov/usa/nwis/ and producer-defined,enumerated domain (edom); members of an established set of values
tblds_09_InorgWaterData_2009.csv,result_va,The numeric result value of the constituent or property measured. Or the minimum or maximum reporting value of the constituent or property measured if it was not detected in the sample.,Producer-defined,unrepresentable domain (udom)
tblds_09_InorgWaterData_2009.csv,meth_cd,"Method code for calculating or measuring the value of a parameter. An ""x"" was prepended to the values in this field to prevent automatic truncation of leading 0's in the field by software programs used to open .csv files. Users can format this field as text and then use a ""Find and Replace"" tool to remove the x's if so desired.",U.S. Geological Survey National Water Information System at http://nwis.waterdata.usgs.gov/usa/nwis/ and producer-defined,enumerated domain (edom); members of an established set of values
tblds_09_InorgWaterData_2009.csv,pub,"Reference(s) for previously published report(s) in which the data collection methods were presented and the result values were discussed, summarized, and/or displayed in tabular or graphic form.",Producer-defined,unrepresentable domain (udom)
tblds_09_InorgWaterData_2009.csv,Comments,Further information to help understand and qualify individual data records.,Producer-defined,unrepresentable domain (udom)
tblds_10_1996CoreData.csv,dataset_id,Alphanumeric string assigned to identify groups of related records that comprise a single data set.,Producer-defined,enumerated domain (edom); members of an established set of values
tblds_10_1996CoreData.csv,LocalSiteName,"This is the unique name assigned to this x y location at the research site.  It is the primary key to link location information to all other data sets. An ""x"" was prepended to the values in this field to prevent automatic truncation of leading 0's in the field by software programs used to open .csv files. Users should format this field as text and then use a ""Find and Replace"" tool to remove the x's.",Producer-defined,enumerated domain (edom); members of an established set of values
tblds_10_1996CoreData.csv,OrigSiteName,"These site names are from original data provided by original data authors.  These are kept in case the original, archived data need to be compared with the data in this data release.",Producer-defined,unrepresentable domain (udom)
tblds_10_1996CoreData.csv,sample_dt,Date the sample was collected.,Producer-defined,range domain (rdom); minimum and maximum values of a continuum of valid values
tblds_10_1996CoreData.csv,medium_cd,Environmental media from which the sample was collected.,U.S. Geological Survey National Water Information System at http://nwis.waterdata.usgs.gov/usa/nwis/ and producer-defined,enumerated domain (edom); members of an established set of values
tblds_10_1996CoreData.csv,TOC_mBLS,The depth to the top of the core sample that was extracted from the subsurface.,Producer-defined,range domain (rdom); minimum and maximum values of a continuum of valid values
tblds_10_1996CoreData.csv,SampleLocation_cmTOC,The distance from the top of the core sample to the location where a hole was drilled in the polycarbonate core sleeve and water was extracted from the core sample with a syringe.,Producer-defined,range domain (rdom); minimum and maximum values of a continuum of valid values
tblds_10_1996CoreData.csv,parm_cd,"Five-digit codes used to identify the constituent or property measured.  An ""x"" was prepended to the values in this field to prevent automatic truncation of leading 0's in the field by software programs used to open .csv files. Users can format this field as text and then use a ""Find and Replace"" tool to remove the x's if so desired.",U.S. Geological Survey National Water Information System at http://nwis.waterdata.usgs.gov/usa/nwis/ and producer-defined,enumerated domain (edom); members of an established set of values
tblds_10_1996CoreData.csv,parm_shortname,"Short, descriptive ""database appropriate"" name describing what the result value is representing.",Producer-defined,enumerated domain (edom); members of an established set of values
tblds_10_1996CoreData.csv,remark_cd,Code that qualifies a result in the result_va field for the constituent or property measured.,U.S. Geological Survey National Water Information System at http://nwis.waterdata.usgs.gov/usa/nwis/ and producer-defined,enumerated domain (edom); members of an established set of values
tblds_10_1996CoreData.csv,result_va,The numeric result value of the constituent or property measured. Or the minimum or maximum reporting value of the constituent or property measured if it was not detected in the sample.,Producer-defined,unrepresentable domain (udom)
tblds_10_1996CoreData.csv,meth_cd,"Method code for calculating or measuring the value of a parameter. An ""x"" was prepended to the values in this field to prevent automatic truncation of leading 0's in the field by software programs used to open .csv files. Users can format this field as text and then use a ""Find and Replace"" tool to remove the x's if so desired.",U.S. Geological Survey National Water Information System at http://nwis.waterdata.usgs.gov/usa/nwis/ and producer-defined,enumerated domain (edom); members of an established set of values
tblds_10_1996CoreData.csv,pub,"Reference(s) for previously published report(s) in which the data collection methods were presented and the result values were discussed, summarized, and/or displayed in tabular or graphic form.",Producer-defined,unrepresentable domain (udom)
tblds_10_1996CoreData.csv,Comments,Further information to help understand and qualify individual data records.,Producer-defined,unrepresentable domain (udom)
tblds_11_OrganicAcids_1980s_1990s.csv,RecordID,Unique numeric value assigned to identify unique records within this data set.,Producer-defined,range domain (rdom); minimum and maximum values of a continuum of valid values
tblds_11_OrganicAcids_1980s_1990s.csv,dataset_id,Alphanumeric string assigned to identify groups of related records that comprise a single data set.,Producer-defined,enumerated domain (edom); members of an established set of values
tblds_11_OrganicAcids_1980s_1990s.csv,LocalSiteName,"This is the unique name assigned to this x y location at the research site.  It is the primary key to link location information to all other data sets. An ""x"" was prepended to the values in this field to prevent automatic truncation of leading 0's in the field by software programs used to open .csv files. Users should format this field as text and then use a ""Find and Replace"" tool to remove the x's.",Producer-defined,enumerated domain (edom); members of an established set of values
tblds_11_OrganicAcids_1980s_1990s.csv,OrigSiteName,"These site names are from original data provided by original data authors.  These are kept in case the original, archived data need to be compared with the data in this data release.",Producer-defined,unrepresentable domain (udom)
tblds_11_OrganicAcids_1980s_1990s.csv,sample_dt,Date the sample was collected.,Producer-defined,range domain (rdom); minimum and maximum values of a continuum of valid values
tblds_11_OrganicAcids_1980s_1990s.csv,Comments_sample_dt,Further information to help understand the sample date.,Producer-defined,unrepresentable domain (udom)
tblds_11_OrganicAcids_1980s_1990s.csv,qaqc_sample,Flag indicating whether or not a record is a quality assurance or quality control sample.,Producer-defined,enumerated domain (edom); members of an established set of values
tblds_11_OrganicAcids_1980s_1990s.csv,medium_cd,Environmental media from which the sample was collected.,U.S. Geological Survey National Water Information System at http://nwis.waterdata.usgs.gov/usa/nwis/ and producer-defined,enumerated domain (edom); members of an established set of values
tblds_11_OrganicAcids_1980s_1990s.csv,sample_type_cd,Type of sample collected.,U.S. Geological Survey National Water Information System at http://nwis.waterdata.usgs.gov/usa/nwis/ and producer-defined,enumerated domain (edom); members of an established set of values
tblds_11_OrganicAcids_1980s_1990s.csv,lab_type_cd,Laboratory sample type code.,Producer-defined,enumerated domain (edom); members of an established set of values
tblds_11_OrganicAcids_1980s_1990s.csv,lab_rep_cd,Laboratory replicate code for the analysis of separate aliquots taken from a single field sample.,Producer-defined,enumerated domain (edom); members of an established set of values
tblds_11_OrganicAcids_1980s_1990s.csv,lab_run_cd,Laboratory run code for the analysis of separate runs for a single aliquot taken from a single field sample.,Producer-defined,enumerated domain (edom); members of an established set of values
tblds_11_OrganicAcids_1980s_1990s.csv,parm_cd,"Five-digit codes used to identify the constituent or property measured.  An ""x"" was prepended to the values in this field to prevent automatic truncation of leading 0's in the field by software programs used to open .csv files. Users can format this field as text and then use a ""Find and Replace"" tool to remove the x's if so desired.",U.S. Geological Survey National Water Information System at http://nwis.waterdata.usgs.gov/usa/nwis/ and producer-defined,enumerated domain (edom); members of an established set of values
tblds_11_OrganicAcids_1980s_1990s.csv,parm_shortname,"Short, descriptive ""database appropriate"" name describing what the result value is representing.",Producer-defined,enumerated domain (edom); members of an established set of values
tblds_11_OrganicAcids_1980s_1990s.csv,remark_cd,Code that qualifies a result in the result_va field for the constituent or property measured.,U.S. Geological Survey National Water Information System at http://nwis.waterdata.usgs.gov/usa/nwis/ and producer-defined,enumerated domain (edom); members of an established set of values
tblds_11_OrganicAcids_1980s_1990s.csv,result_va,The numeric result value of the constituent or property measured. Or the minimum or maximum reporting value of the constituent or property measured if it was not detected in the sample.,Producer-defined,unrepresentable domain (udom)
tblds_11_OrganicAcids_1980s_1990s.csv,result_variability,"The numeric value of a measure of variability in the result_va value of the constituent or property measured.  Units are the same as the values in the result_va column.  The values in this column should be interpreted as a plus or minus (+/-) value.  For example, a value of 5 in this field means the variability around the result_va value is +/- 5 [result_va +/- 5].",Producer-defined,unrepresentable domain (udom)
tblds_11_OrganicAcids_1980s_1990s.csv,result_variability_descript,The description of the measure of variability in the result_variability field,Producer-defined,unrepresentable domain (udom)
tblds_11_OrganicAcids_1980s_1990s.csv,meth_cd,"Method code for calculating or measuring the value of a parameter. An ""x"" was prepended to the values in this field to prevent automatic truncation of leading 0's in the field by software programs used to open .csv files. Users can format this field as text and then use a ""Find and Replace"" tool to remove the x's if so desired.",U.S. Geological Survey National Water Information System at http://nwis.waterdata.usgs.gov/usa/nwis/ and producer-defined,enumerated domain (edom); members of an established set of values
tblds_11_OrganicAcids_1980s_1990s.csv,pub,"Reference(s) for previously published report(s) in which the data collection methods were presented and the result values were discussed, summarized, and/or displayed in tabular or graphic form.",Producer-defined,unrepresentable domain (udom)
tblds_11_OrganicAcids_1980s_1990s.csv,Comments,Further information to help understand and qualify individual data records.,Producer-defined,unrepresentable domain (udom)
tblds_12_WaterAndOilLevels.csv,dataset_id,Alphanumeric string assigned to identify groups of related records that comprise a single data set.,Producer-defined,enumerated domain (edom); members of an established set of values
tblds_12_WaterAndOilLevels.csv,AgencyCode,The agency responsible for the site.,USGS National Water Information System (NWIS),enumerated domain (edom); members of an established set of values
tblds_12_WaterAndOilLevels.csv,USGS_siteno,"15-digit identifier for retrieving site information and data from the USGS National Water Information System database. An ""x"" was prepended to the values in this field to prevent automatic truncation of leading 0's in the field by software programs used to open .csv files. Users should format this field as text and then use a ""Find and Replace"" tool to remove the x's.",Producer-defined,enumerated domain (edom); members of an established set of values
tblds_12_WaterAndOilLevels.csv,LocalSiteName,"This is the unique name assigned to this x y location at the research site.  It is the primary key to link location information to all other data sets. An ""x"" was prepended to the values in this field to prevent automatic truncation of leading 0's in the field by software programs used to open .csv files. Users should format this field as text and then use a ""Find and Replace"" tool to remove the x's.",Producer-defined,enumerated domain (edom); members of an established set of values
tblds_12_WaterAndOilLevels.csv,LevelDate,Date on which the measurement was made.,Producer-defined,range domain (rdom); minimum and maximum values of a continuum of valid values
tblds_12_WaterAndOilLevels.csv,LevelTime,"Time of day when the measurement was made. If a time was not recorded during sampling, a default value of 12:01 was assigned. The default value of 12:01 is not present in the USGS NWIS database for water levels.",Producer-defined,range domain (rdom); minimum and maximum values of a continuum of valid values
tblds_12_WaterAndOilLevels.csv,WaterLevel_ftBLS,"Water level, in feet below land surface. Positive values indicate an oil level below land surface datum, negative values indicate a water level above land surface datum. null = level measurement not available.",Producer-defined,range domain (rdom); minimum and maximum values of a continuum of valid values
tblds_12_WaterAndOilLevels.csv,Comments_WaterLevelStatus,Description of status of the water level at the time of the measurement. Includes web qualifiers and AQTS reading qualifiers to fit NWIS modernization,USGS National Water Information System (NWIS),unrepresentable domain (udom)
tblds_12_WaterAndOilLevels.csv,Comments_FluidLevelMethod,Brief description of the method and equipment used to make the fluid level measurement.,USGS National Water Information System (NWIS),unrepresentable domain (udom)
tblds_12_WaterAndOilLevels.csv,WaterLevel_ftASL_NAVD88,"Water level, in feet above North American Vertical Datum of 1988 (NAVD88).  null = level measurement not available.",Producer-defined,range domain (rdom); minimum and maximum values of a continuum of valid values
tblds_12_WaterAndOilLevels.csv,WaterLevel_mASL_NAVD88,"Water level, in meters above North American Vertical Datum of 1988 (NAVD88). null = level measurement not available.",Producer-defined,range domain (rdom); minimum and maximum values of a continuum of valid values
tblds_12_WaterAndOilLevels.csv,OilLevelID,Unique integer record number to track oil level measurements. null = level measurement not available.,Producer-defined,range domain (rdom); minimum and maximum values of a continuum of valid values
tblds_12_WaterAndOilLevels.csv,OilLevel_ftBLS,"Oil level, in feet below land surface. Positive values indicate an oil level below land surface datum, negative values indicate a water level above land surface datum. null = level measurement not available.",Producer-defined,range domain (rdom); minimum and maximum values of a continuum of valid values
tblds_12_WaterAndOilLevels.csv,OilLevel_ftASL_NAVD88,"Oil level, in feet above North American Vertical Datum of 1988 (NAVD88).  null = level measurement not available.",Producer-defined,range domain (rdom); minimum and maximum values of a continuum of valid values
tblds_12_WaterAndOilLevels.csv,OilLevel_mASL_NAVD88,"Oil level, in meters above North American Vertical Datum of 1988 (NAVD88). null = level measurement not available.",Producer-defined,range domain (rdom); minimum and maximum values of a continuum of valid values
tblds_12_WaterAndOilLevels.csv,OilThickness_ft,Thickness of the oil above water in a well casing in feet. Calculated as the difference between the oil and water levels for a given measurement date and time.  null =  oil thickness measurement not available.,Producer-defined,range domain (rdom); minimum and maximum values of a continuum of valid values
tblds_12_WaterAndOilLevels.csv,OilThickness_m,Thickness of the oil above water in a well casing in meters.  Calculated as the difference between the oil and water levels for a given measurement date and time.  null = oil thickness measurement not available.,Producer-defined,range domain (rdom); minimum and maximum values of a continuum of valid values
tblds_12_WaterAndOilLevels.csv,EstWaterLevel_ftASL_NAVD88,"Estimated water level, in feet above North American Vertical Datum of 1988 (NAVD88). The values in this column are exactly the same as in the WaterLevel_ftASL_NAVD88 when oil thickness = 0.  If oil is present in the well casing, the oil thickness was multiplied by the specific gravity of crude oil (0.856) to estimate what the water level in the well would be without oil present.  null = level measurement not available.",Producer-defined,range domain (rdom); minimum and maximum values of a continuum of valid values
tblds_12_WaterAndOilLevels.csv,EstWaterLevel_mASL_NAVD88,"Estimated water level, in meters above North American Vertical Datum of 1988 (NAVD88). The values in this column are exactly the same as in the WaterLevel_ftASL_NAVD88 when oil thickness = 0.  If oil is present in the well casing, the oil thickness was multiplied by the specific gravity of crude oil (0.856) to estimate what the water level in the well would be without oil present.  null = level measurement not available.",Producer-defined,range domain (rdom); minimum and maximum values of a continuum of valid values
tblds_12_WaterAndOilLevels.csv,Comments_OilLevel,Field or data-processing comments about the oil level measurement.,Producer-defined,unrepresentable domain (udom)
