Lab no,Bottle no,Leco TOC,Instrument,Weight,PP TOC,S1,S2,S3,Tmax,Total Carbon,Min Carbon,Carbonate,,,,
BOQ-2,1030D,5.34,Rock Eval 2,101.9,,1.18,31.70,1.53,424.0,,,,,,,
BOQ-2,1030D,4.85,Rock Eval 2,101.4,,1.25,31.82,1.54,423.0,,,,,,,
BOQ-2,1030D,5.20,Rock Eval 2,100.3,,1.14,31.90,1.47,427.0,,,,,,,
BOQ-2,1179A,5.27,Rock Eval 2,101.4,,1.21,31.95,1.47,424.0,,,,,,,
BOQ-2,1179A,4.86,Rock Eval 2,100.9,,1.13,31.70,1.35,427.0,,,,,,,
BOQ-2,1179A,5.16,Rock Eval 2,101.8,,1.08,32.00,1.26,424.0,,,,,,,
BOQ-2,1647A,5.27,Rock Eval 2,100.3,,1.21,31.55,1.14,424.0,,,,,,,
BOQ-2,1647A,5.22,Rock Eval 2,101.1,,1.25,32.04,1.14,426.0,,,,,,,
BOQ-2,1647A,5.22,Rock Eval 2,100.2,,1.28,31.72,1.19,424.0,,,,,,,
BOQ-2,1030D,5.34,Rock Eval 6,71.3,5.09,1.24,29.56,0.70,429.0,,,,,,,
BOQ-2,1030D,4.85,Rock Eval 6,71.4,5.12,1.21,28.40,0.62,424.0,,,,,,,
BOQ-2,1030D,5.20,Rock Eval 6,71.1,5.11,1.36,29.11,0.64,424.0,,,,,,,
BOQ-2,1179A,5.27,Rock Eval 6,70.4,5.11,1.33,29.80,0.62,427.0,,,,,,,
BOQ-2,1179A,4.86,Rock Eval 6,70.5,5.12,1.35,29.76,0.67,426.0,,,,,,,
BOQ-2,1179A,5.16,Rock Eval 6,69.7,5.10,1.22,27.85,0.64,426.0,,,,,,,
BOQ-2,1647A,5.27,Rock Eval 6,73.1,5.01,1.29,29.26,0.71,425.0,,,,,,,
BOQ-2,1647A,5.22,Rock Eval 6,70.4,5.09,1.42,29.38,0.64,424.0,,,,,,,
BOQ-2,1647A,5.22,Rock Eval 6,72.8,5.11,1.34,29.74,0.67,428.0,,,,,,,
BOQ-2,1030D,5.34,SRA,76.5,5.30,1.21,30.70,0.76,426.0,,,,,,,
BOQ-2,1030D,4.85,SRA,75.8,5.39,1.16,30.98,0.70,425.0,,,,,,,
BOQ-2,1030D,5.20,SRA,74.9,5.29,1.07,30.61,0.75,427.0,,,,,,,
BOQ-2,1179A,5.27,SRA,74.8,5.38,1.24,31.07,0.74,425.0,,,,,,,
BOQ-2,1179A,4.86,SRA,75.9,5.46,1.17,31.63,0.73,425.0,,,,,,,
BOQ-2,1179A,5.16,SRA,74.6,5.46,1.10,31.41,0.72,426.0,,,,,,,
BOQ-2,1647A,5.27,SRA,75.7,5.47,1.34,31.79,0.76,426.0,,,,,,,
BOQ-2,1647A,5.22,SRA,74.4,5.45,1.23,31.92,0.74,424.0,,,,,,,
BOQ-2,1647A,5.22,SRA,75.3,5.49,1.19,31.95,0.74,427.0,,,,,,,
BOQ-3,16,5.12,SRA,,,1.32,30.04,0.74,423.6,,,,,,,
BOQ-3,16,5.01,SRA,,,1.24,28.87,0.77,423.5,,,,,,,
BOQ-3,16,4.93,SRA,,,1.23,29.80,0.78,424.6,,,,,,,
BOQ-3,1030,5.01,SRA,,,1.38,29.85,0.69,423.1,,,,,,,
BOQ-3,1030,4.97,SRA,,,1.19,29.69,0.79,425.0,,,,,,,
BOQ-3,1030,5.03,SRA,,,1.26,29.63,0.73,423.3,,,,,,,
BOQ-3,1179,5.03,SRA,,,1.12,29.25,0.83,424.5,,,,,,,
BOQ-3,1179,4.97,SRA,,,1.23,29.99,0.76,425.1,,,,,,,
BOQ-3,1179,5.02,SRA,,,1.32,29.88,0.74,424.2,,,,,,,
BOQ-3,1896,4.98,SRA,,,1.45,29.75,0.73,423.4,,,,,,,
BOQ-3,1896,5.02,SRA,,,1.07,29.17,0.79,425.8,,,,,,,
BOQ-3,1896,4.94,SRA,,,1.11,29.38,0.72,424.3,,,,,,,
BOQ-4,348B,5.11,Rock Eval 6,,4.94,1.28,31.50,0.95,423.0,,6.29,,,,,
BOQ-4,348B,5.16,Rock Eval 6,,4.87,1.16,30.84,0.93,422.0,,6.28,,,,,
BOQ-4,348B,5.16,Rock Eval 6,,5.03,1.19,30.59,1.01,422.0,,6.21,,,,,
BOQ-4,1896C,5.12,Rock Eval 6,,4.92,1.20,31.44,1.01,419.0,,6.37,,,,,
BOQ-4,1896C,5.08,Rock Eval 6,,4.91,1.53,30.80,1.06,420.0,,6.28,,,,,
BOQ-4,1896C,5.32,Rock Eval 6,,4.95,1.27,31.69,0.95,420.0,,6.27,,,,,
BOQ-4,1647D,5.20,Rock Eval 6,,4.89,1.29,31.06,0.97,422.0,,6.30,,,,,
BOQ-4,1647D,5.19,Rock Eval 6,,4.84,1.21,31.25,0.90,420.0,,6.30,,,,,
BOQ-4,1647D,5.19,Rock Eval 6,,4.95,1.37,31.91,0.96,420.0,,6.24,,,,,
BOQ-5,1761A,,Rock Eval 6,77.8,4.81,1.36,28.66,0.77,425.0,,6.88,,,,,
BOQ-5,1761A,,Rock Eval 6,76.4,4.82,1.40,28.83,0.82,425.0,,6.89,,,,,
BOQ-5,1761A,,Rock Eval 6,76.4,4.86,1.33,28.73,0.79,424.0,,6.90,,,,,
BOQ-5,1179C,,Rock Eval 6,77.7,4.84,1.41,28.69,0.79,425.0,,6.92,,,,,
BOQ-5,1179C,,Rock Eval 6,77.1,4.83,1.37,28.66,0.78,423.0,,6.93,,,,,
BOQ-5,1179C,,Rock Eval 6,74.5,4.82,1.35,28.60,0.79,426.0,,6.93,,,,,
BOQ-5,1647C,,Rock Eval 6,76.8,4.85,1.34,28.73,0.77,425.0,,6.96,,,,,
BOQ-5,1647C,,Rock Eval 6,74.9,4.86,1.37,28.75,0.79,427.0,,6.94,,,,,
BOQ-5,1647C,,Rock Eval 6,77.1,4.83,1.34,28.48,0.79,426.0,,6.93,,,,,
BOQ-7,348A,4.98,Rock Eval 2,,,1.38,35.24,0.81,424.0,,,62.57,,,,
BOQ-7,348A,5.04,Rock Eval 2,,,1.35,35.88,0.83,424.0,,,62.57,,,,
BOQ-7,348A,4.93,Rock Eval 2,,,1.37,35.71,0.87,423.0,,,62.57,,,,
BOQ-7,454C,4.92,Rock Eval 2,,,1.28,35.70,0.91,424.0,,,62.60,,,,
BOQ-7,454C,4.99,Rock Eval 2,,,1.34,35.96,0.96,424.0,,,62.60,,,,
BOQ-7,454C,5.01,Rock Eval 2,,,0.79,34.11,0.92,424.0,,,62.60,,,,
BOQ-7,1649A,4.93,Rock Eval 2,,,1.27,35.94,0.84,425.0,,,60.59,,,,
BOQ-7,1649A,4.98,Rock Eval 2,,,1.35,35.82,0.82,424.0,,,60.59,,,,
BOQ-7,1649A,4.96,Rock Eval 2,,,1.42,35.71,0.80,424.0,,,60.59,,,,
BOQ-7,348A,,Rock Eval 6,,5.43,1.20,30.82,0.66,427.0,,,,,,,
BOQ-7,348A,,Rock Eval 6,,5.33,1.46,30.94,0.67,422.0,,,,,,,
BOQ-7,348A,,Rock Eval 6,,5.13,1.39,31.39,0.70,425.0,,,,,,,
BOQ-7,454C,,Rock Eval 6,,5.51,1.54,31.84,0.70,425.0,,,,,,,
BOQ-7,454C,,Rock Eval 6,,5.19,1.44,31.23,0.74,424.0,,,,,,,
BOQ-7,454C,,Rock Eval 6,,5.58,1.38,31.34,0.68,425.0,,,,,,,
BOQ-7,1649A,,Rock Eval 6,,5.48,1.48,31.42,0.73,425.0,,,,,,,
BOQ-7,1649A,,Rock Eval 6,,5.29,1.44,31.35,0.74,425.0,,,,,,,
BOQ-7,1649A,,Rock Eval 6,,6.02,1.25,29.52,0.87,423.0,,,,,,,
BOQ-7,348A,,HAWK,,5.48,1.38,33.24,0.64,424.0,,,,,,,
BOQ-7,348A,,HAWK,,5.50,1.39,33.32,0.63,422.0,,,,,,,
BOQ-7,348A,,HAWK,,5.34,1.44,33.54,0.71,422.0,,,,,,,
BOQ-7,454C,,HAWK,,5.38,1.44,33.57,0.70,422.0,,,,,,,
BOQ-7,454C,,HAWK,,5.40,1.40,33.56,0.98,422.0,,,,,,,
BOQ-7,454C,,HAWK,,5.44,1.42,33.39,0.64,424.0,,,,,,,
BOQ-7,1649A,,HAWK,,5.33,1.45,33.47,0.87,422.0,,,,,,,
BOQ-7,1649A,,HAWK,,5.36,1.48,33.59,0.63,423.0,,,,,,,
BOQ-7,1649A,,HAWK,,5.24,1.42,33.52,0.90,422.0,,,,,,,
BOQ-10,348C,5.04,HAWK,68.8,,1.37,29.43,0.65,423.0,,,,,,,
BOQ-10,348C,5.05,HAWK,70.0,,1.40,29.82,0.66,423.0,,,,,,,
BOQ-10,348C,5.06,HAWK,68.7,,1.34,29.40,0.64,424.0,,,,,,,
BOQ-10,1649B,4.90,HAWK,70.8,,1.25,29.70,0.61,426.0,,,,,,,
BOQ-10,1649B,5.02,HAWK,68.8,,1.06,28.89,0.61,429.0,,,,,,,
BOQ-10,1649B,5.03,HAWK,69.4,,1.25,29.10,0.63,424.0,,,,,,,
BOQ-10,1761D,4.92,HAWK,69.9,,1.17,28.49,0.58,424.0,,,,,,,
BOQ-10,1761D,5.09,HAWK,70.8,,1.28,29.02,0.65,424.0,,,,,,,
BOQ-10,1761D,4.87,HAWK,69.7,,1.30,29.35,0.66,423.0,,,,,,,
BOQ-10,1896B,5.08,HAWK,71.2,,1.29,28.91,0.58,424.0,,,,,,,
BOQ-10,1896B,4.84,HAWK,71.0,,1.22,29.22,0.46,427.0,,,,,,,
BOQ-10,1896B,5.08,HAWK,67.6,,1.31,29.46,0.52,424.0,,,,,,,
BOQ-12,96D,5.07,HAWK,,4.91,1.10,37.20,0.63,425.0,12.06,6.99,,,,,
BOQ-12,96D,5.14,HAWK,,5.10,1.13,39.14,0.53,428.0,11.95,6.81,,,,,
BOQ-12,96D,5.17,HAWK,,4.87,1.07,35.90,0.54,429.0,,,,,,,
BOQ-12,96E,5.04,HAWK,,4.90,1.16,37.38,0.50,426.0,12.10,7.07,,,,,
BOQ-12,96E,5.02,HAWK,,4.93,1.00,35.17,0.59,424.0,12.18,7.16,,,,,
BOQ-12,96E,5.02,HAWK,,4.92,1.07,36.39,0.60,427.0,,,,,,,
BOQ-12,542F,5.29,HAWK,,4.83,1.05,34.98,0.64,425.0,12.10,6.81,,,,,
BOQ-12,542F,5.34,HAWK,,4.99,1.10,37.51,0.64,421.0,12.12,6.78,,,,,
BOQ-12,542F,5.28,HAWK,,5.07,1.10,37.61,0.58,425.0,,,,,,,
BOQ-12,360C,5.15,HAWK,,5.04,1.21,37.97,0.70,429.0,12.04,6.89,,,,,
BOQ-12,360C,5.17,HAWK,,4.97,1.19,36.27,0.71,423.0,12.13,6.96,,,,,
BOQ-12,360C,,HAWK,,5.33,1.11,38.04,0.77,429.0,,,,,,,
BOQ-12,1179B,5.15,HAWK,,5.21,1.29,39.80,0.59,424.0,12.05,6.90,,,,,
BOQ-12,1179B,5.12,HAWK,,5.04,1.27,38.77,0.71,424.0,11.99,6.87,,,,,
BOQ-12,1179B,,HAWK,,5.15,1.28,39.39,0.69,424.0,,,,,,,
BOQ-12,452,5.23,HAWK,,4.73,1.17,34.87,0.66,423.0,12.13,6.90,,,,,
BOQ-12,452,5.20,HAWK,,4.88,1.13,35.91,0.75,424.0,12.19,7.00,,,,,
BOQ-12,452,,HAWK,,4.90,1.18,35.83,0.66,423.0,,,,,,,
