Table_Name,Table_Column,Column_Heading,Column_Description,Extended_Description,Unit_Abbreviation,Unit_Definition,Range_Min,Range_Max,Measurement_Method,Definitions_for_No_Data_Values
T2,A,Unique_ID,Unique sample identification number,source code-well number-sampling year,--,--,--,--,--,--
T2,B,Well_Number,number identifying the well from which a sample was taken,Detailed information including sampling site information and well construction can be found in Trost et al. (2018).,--,--,--,--,--,--
T2,C,Well_Location,"relative location of the well in the oil spill area, see extended description",NOP: north oil pool in spill zone; DNOP: downgradient of the north oil pool spill zone; SOP: south oil pool spill zone,--,--,--,--,--,--
T2,D,Year_Sampled,year in which the sample was collected,--,YYYY,year,2010,2010,--,--
T2,E,Bz_Water,benzene (C6H6) in water sample,--,µg/L,microgram per liter,441,4473,solid phase microextraction (HS-SPME)/gas chromatography-mass spectrometry (SPME-GC/MS),"""--"" denotes no data"
T2,F,Bz_Oil,benzene (C6H6) in oil sample,--,mg/g oil,milligrams per gram of oil,0.020,1.1,solid phase microextraction (HS-SPME)/gas chromatography-mass spectrometry (SPME-GC/MS),"""--"" denotes no data"
T2,G,BTEX_Water,"benzene, toluene, ethylbenzene, and o-, p-, m-xylene in water sample",--,µg/L,microgram per liter,1148,6307,solid phase microextraction (HS-SPME)/gas chromatography-mass spectrometry (SPME-GC/MS),"""--"" denotes no data"
T2,H,BTEX_Oil,"benzene, toluene, ethylbenzene, and o-, p-, m-xylene in oil sample",--,mg/g oil,milligrams per gram of oil,0.78,8.39,solid phase microextraction (HS-SPME)/gas chromatography-mass spectrometry (SPME-GC/MS),"""--"" denotes no data"
T2,J,Naph_Water,naphthalene (C10H8) in water sample,--,µg/L,microgram per liter,48,106,solid phase microextraction (HS-SPME)/gas chromatography-mass spectrometry (SPME-GC/MS),"""--"" denotes no data"
T2,I,Naph_Oil,naphthalene (C10H8) in oil sample,--,mg/g oil,milligrams per gram of oil,0.20,0.64,solid phase microextraction (HS-SPME)/gas chromatography-mass spectrometry (SPME-GC/MS),"""--"" denotes no data"
T2,K,VHC_TOT_Water,total volatile hydrocarbons in water sample,includes 71 hydrocarbons,mg/L,milligrams per liter,2.0,7.7,solid phase microextraction (HS-SPME)/gas chromatography-mass spectrometry (SPME-GC/MS),"""--"" denotes no data"
T2,L,VHC_TOT_Oil,total volatile hydrocarbons in oil,includes 71 hydrocarbons,mg/g oil,milligrams per gram of oil,15,49,solid phase microextraction (HS-SPME)/gas chromatography-mass spectrometry (SPME-GC/MS),"""--"" denotes no data"
T2,M,n.HC_C6.C12,normal hydrocarbons with 6 to 12 carbons in oil sample,--,mg/g oil,milligrams per gram of oil,0,64,solid phase microextraction (HS-SPME)/gas chromatography-mass spectrometry (SPME-GC/MS),"""--"" denotes no data; values of ""0"" denote concentrations below the detection limit; detection limits varied (0.01-0.05 µg/L) depending on the analyte and sample size"
T2,N,n.HC_C13.C30,normal hydrocarbons with 13 to 30 carbons in oil sample,--,mg/g oil,milligrams per gram of oil,0,23.5,solid phase microextraction (HS-SPME)/gas chromatography-mass spectrometry (SPME-GC/MS),"""--"" denotes no data; values of ""0"" denote concentrations below the detection limit; detection limits varied (0.01-0.05 µg/L) depending on the analyte and sample size"
T2,O,NVDOC,non-volatile dissolved organic carbon in water sample,--,mg/L of C,milligrams per liter of carbon,18.4,75.2,high temperature combustion/non-dispersive infrared detector (NDIR),"""--"" denotes no data"
T2,P,CH4,methane in water sample,--,mg/L,milligrams per liter,9.68,35.4,headspace analysis using gas chromatography (GC),"""--"" denotes no data"
T2,Q,FeTOT,total iron (Fe2+ and Fe3+) in water sample,--,mg/L,milligrams per liter,24.8,167,inductively coupled plasma-optical emission spectrometer (ICP-OES),"""--"" denotes no data"
T2,R,Mn,manganese in water sample,--,mg/L,milligrams per liter,0.172,3.90,inductively coupled plasma-mass spectrometer (ICP-MS),"""--"" denotes no data"
T2,S,Si,silicon in water sample,--,mg/L,milligrams per liter,10.3,30.2,inductively coupled plasma-optical emission spectrometer (ICP-OES),"""--"" denotes no data"
T2,T,NH4,ammonium in water sample,--,mg/L of N,milligrams per liter of nitrogen,0.0300,3.06,segmented flow analysis,"""--"" denotes no data"
T2,U,AsTOT,total arsenic in water sample,--,µg/L,microgram per liter,11.1,230,inductively coupled plasma-mass spectrometer (ICP-MS),"""--"" denotes no data"
T2,V,HCO3,bicarbonate in water sample,--,mg/L,milligrams per liter,298,817,inflection point titration,"""--"" denotes no data"
T2,W,Cl,chloride in water sample,--,mg/L,milligrams per liter,0.574,4.33,ion chromatography (IC),"""--"" denotes no data"
T2,X,Acetate,acetate in water sample,--,mg/L,milligrams per liter,0.0606,6.01,ion chromatography (IC),"""--"" denotes no data"
T2,Y,Formate,formate in water sample,--,mg/L,milligrams per liter,0.0382,0.402,ion chromatography (IC),"""--"" denotes no data"
T2,Z,Propionate,propionate in water sample,--,mg/L,milligrams per liter,0.02,0.108,ion chromatography (IC),"""--"" denotes no data"
T2,AA,Propionate_QA_Flag,propionate quality assurance reporting flag. See extended description for flag definitions.,"<MDL: measured value is less than the method detection limit, the MDL is reported as the concentration",--,--,--,--,--,"""--"" represents no reporting flag"
T3,A,Unique_ID,Unique sample identification number,source code-well number-sampling year(s),--,--,--,--,--,--
T3,B,Well_Number,number identifying the well from which a sample was taken,detailed information including sampling site information and well construction can be found in Trost et al. (2018).,--,--,--,--,--,NA: not applicable
T3,C,Dist_Well_421,distance in meters from well 421,"position of the site relative to the center of the north oil body on a transect line parallel to the direction of groundwater flow. Negative values are upgradient of the north oil body, and positive values are downgradient of the oil body.",m,meters,-34.89,116.29,--,NA: not applicable
T3,D,Year_Sampled,year in which the sample was collected,concentrations of benzene and naphthalene in oil are reported for samples collected in 2010 only; concentrations of benzene and naphthalene in water are reported as averaged concentrations of samples collected from 2010 to 2015.,--,--,--,--,--,--
T3,E,Sample_Type,"describes the type of sample, see extended description",PO: pipeline oil; OW: oiled well; NO: no oil,--,--,--,--,--,--
T3,F,Bz_Water,benzene (C6H6) in water sample,--,µg/L,microgram per liter,0.300,4179,solid phase microextraction (HS-SPME)/gas chromatography-mass spectrometry (SPME-GC/MS),"""--"" denotes no data"
T3,G,Naph_Water,naphthalene (C10H8) in water sample,--,µg/L,microgram per liter,0.14,193,solid phase microextraction (HS-SPME)/gas chromatography-mass spectrometry (SPME-GC/MS),"""--"" denotes no data"
T3,H,Bz_to_Naph_Water,ratio of benzene to naphthalene in water,--,--,--,0.61,374,--,"""--"" denotes no data"
T3,I,Bz_Oil,benzene (C6H6) in oil sample,--,mg/g oil,milligrams per gram of oil,0.140,1.07,solid phase microextraction (HS-SPME)/gas chromatography-mass spectrometry (SPME-GC/MS),"""--"" denotes no data"
T3,J,Naph_Oil,naphthalene (C10H8) in oil sample,--,mg/g oil,milligrams per gram of oil,0.390,0.640,solid phase microextraction (HS-SPME)/gas chromatography-mass spectrometry (SPME-GC/MS),"""--"" denotes no data"
T3,K,Bz_to_Naph_Oil,ratio of benzene to naphthalene in oil,--,--,--,0.230,2.06,--,"""--"" denotes no data"
T4,A,Unique_ID,Unique sample identification number,source code-well number-sampling year,--,--,--,--,--,--
T4,B,Well_Number,number identifying the well from which a sample was taken,Detailed information including sampling site information and well construction can be found in Trost et al. (2018).,--,--,--,--,--,--
T4,C,Dist_Well_421,distance in meters from well 421,"position of the site relative to the center of the north oil body on a transect line parallel to the direction of groundwater flow. Negative values are upgradient of the north oil body, and positive values are downgradient of the oil body.",m,meters,-34.89,214.8,--,--
T4,D,Year_Sampled,year in which the sample was collected,--,YYYY,year,2010,2015,--,--
T4,E,Bz,benzene concentration,--,µg/L,microgram per liter,0,4473,solid phase microextraction (HS-SPME)/gas chromatography-mass spectrometry (SPME-GC/MS),"values of ""0"" denote concentrations below the detection limit; detection limits varied (0.01-0.05 µg/L) depending on the analyte and sample size."
T4,F,Toluene,toluene concentration,--,µg/L,microgram per liter,0,28.9,solid phase microextraction (HS-SPME)/gas chromatography-mass spectrometry (SPME-GC/MS),"values of ""0"" denote concentrations below the detection limit; detection limits varied (0.01-0.05 µg/L) depending on the analyte and sample size."
T4,G,EtBz,ethyl benzene concentration,--,µg/L,microgram per liter,0,620,solid phase microextraction (HS-SPME)/gas chromatography-mass spectrometry (SPME-GC/MS),"values of ""0"" denote concentrations below the detection limit; detection limits varied (0.01-0.05 µg/L) depending on the analyte and sample size."
T4,H,m_Xylene,m-xylene concentration,--,µg/L,microgram per liter,0,1086,solid phase microextraction (HS-SPME)/gas chromatography-mass spectrometry (SPME-GC/MS),"values of ""0"" denote concentrations below the detection limit; detection limits varied (0.01-0.05 µg/L) depending on the analyte and sample size."
T4,I,p_Xylene,p-xylene concentration,--,µg/L,microgram per liter,0,332,solid phase microextraction (HS-SPME)/gas chromatography-mass spectrometry (SPME-GC/MS),"values of ""0"" denote concentrations below the detection limit; detection limits varied (0.01-0.05 µg/L) depending on the analyte and sample size."
T4,J,o_Xylene,o-xylene concentration,--,µg/L,microgram per liter,0,345,solid phase microextraction (HS-SPME)/gas chromatography-mass spectrometry (SPME-GC/MS),"values of ""0"" denote concentrations below the detection limit; detection limits varied (0.01-0.5 µg/L) depending on the sample size."
T4,K,1.2.3_TriMeBz,"1,2,3 trimethylbenzene concentration",--,µg/L,microgram per liter,0,300,solid phase microextraction (HS-SPME)/gas chromatography-mass spectrometry (SPME-GC/MS),"values of ""0"" denote concentrations below the detection limit; detection limits varied (0.01-0.05 µg/L) depending on the analyte and sample size."
T4,L,1.2.4_TriMeBz,"1,2,4 trimethylbenzene concentration",--,µg/L,microgram per liter,0,528,solid phase microextraction (HS-SPME)/gas chromatography-mass spectrometry (SPME-GC/MS),"values of ""0"" denote concentrations below the detection limit; detection limits varied (0.01-0.05 µg/L) depending on the analyte and sample size."
T4,M,1.3.5_TriMeBz,"1,3,5 trimethylbenzene concentration",--,µg/L,microgram per liter,0,112,solid phase microextraction (HS-SPME)/gas chromatography-mass spectrometry (SPME-GC/MS),"values of ""0"" denote concentrations below the detection limit; detection limits varied (0.01-0.05 µg/L) depending on the analyte and sample size."
T4,N,Naph,naphthalene concentration,--,µg/L,microgram per liter,0,136,solid phase microextraction (HS-SPME)/gas chromatography-mass spectrometry (SPME-GC/MS),"values of ""0"" denote concentrations below the detection limit; detection limits varied (0.01-0.05 µg/L) depending on the analyte and sample size."
T4,O,1_MeNaph,1-methyl naphthalene concentration,--,µg/L,microgram per liter,0,60.0,solid phase microextraction (HS-SPME)/gas chromatography-mass spectrometry (SPME-GC/MS),"values of ""0"" denote concentrations below the detection limit; detection limits varied (0.01-0.05 µg/L) depending on the analyte and sample size."
T4,P,2_MeNaph,2-methyl naphthalene concentration,--,µg/L,microgram per liter,0,69.6,solid phase microextraction (HS-SPME)/gas chromatography-mass spectrometry (SPME-GC/MS),"values of ""0"" denote concentrations below the detection limit; detection limits varied (0.01-0.05 µg/L) depending on the analyte and sample size."
T4,Q,1.2.3.4_TetraMeBz,"1,2,3,4-tetramethylbenzene concentration",--,µg/L,microgram per liter,0,184,solid phase microextraction (HS-SPME)/gas chromatography-mass spectrometry (SPME-GC/MS),"values of ""0"" denote concentrations below the detection limit; detection limits varied (0.01-0.05 µg/L) depending on the analyte and sample size."
T4,R,1.2.3.5_TetraMeBz,"1,2,3,5-tetramethylbenzene concentration",--,µg/L,microgram per liter,0,70.9,solid phase microextraction (HS-SPME)/gas chromatography-mass spectrometry (SPME-GC/MS),"values of ""0"" denote concentrations below the detection limit; detection limits varied (0.01-0.05 µg/L) depending on the analyte and sample size."
T4,S,1.2.4.5_TetraMeBz,"1,2,4,5-tetramethylbenzene concentration",--,µg/L,microgram per liter,0,17.2,solid phase microextraction (HS-SPME)/gas chromatography-mass spectrometry (SPME-GC/MS),"values of ""0"" denote concentrations below the detection limit; detection limits varied (0.01-0.05 µg/L) depending on the analyte and sample size."
T4,T,1.3_DiMe_2_EtBz,"1,3-dimethyl-2-ethylbenzene concentration",--,µg/L,microgram per liter,0,6.94,solid phase microextraction (HS-SPME)/gas chromatography-mass spectrometry (SPME-GC/MS),"values of ""0"" denote concentrations below the detection limit; detection limits varied (0.01-0.05 µg/L) depending on the analyte and sample size."
T5,A,Unique_ID,Unique sample identification number,source code-well number-sampling year,--,--,--,--,--,--
T5,B,Well_Number,number identifying the well from which a sample was taken,Detailed information including sampling site information and well construction can be found in Trost et al. (2018).,--,--,--,--,--,--
T5,C,Year_Sampled,year in which the sample was collected,--,YYYY,year,1985,2015,--,--
T5,D,d13C_DIC,delta13C of dissolved inorganic carbon in water sample,Concentrations of d13C of DIC for sampling years 1985 to 1995 were published in Trost et al. (2020).,‰,per mil,-21.85,19.9,dual inlet isotope-ratio mass spectrometry (DI-IRMS),"""--"" denotes no data"
T5,E,CH4,methane in water sample,Concentrations of methane for sampling years 1985 to 1995 were published in Trost et al. (2020).,mg/L,milligrams per liter,9.29,34.4,headspace analysis using gas chromatography (GC),"""--"" denotes no data"
T6,A,Unique_ID,Unique sample identification number,source code-well number-sampling year,--,--,--,--,--,--
T6,B,Well_Number,number identifying the well from which a sample was taken,Detailed information including sampling site information and well construction can be found in Trost et al. (2018).,--,--,--,--,--,--
T6,C,Year_Sampled,year in which the sample was collected,--,YYYY,year,1986,2015,--,--
T6,D,NVDOC,non-volatile dissolved organic carbon in water sample,Concentrations of NVDOC for sampling years 1986 to 1995 were published in Trost et al. (2020).,mg/L of C,milligrams per liter of carbon,19.4,61.6,high temperature combustion/non-dispersive infrared detector (NDIR),--