meth_cd,meth_cd_ref,meth_cd_descript,meth_cd_pub,version_when_added
xALGOR,NWIS,Computation by NWIS algorithm,"NWIS method  description retrieved at https://help.waterdata.usgs.gov/method_cd in October, 2018; more detailed references are listed at this site.  ",version 1.0
xBAROM,NWIS,"Atmospheric pressure, barometer method","NWIS method  description retrieved at https://help.waterdata.usgs.gov/method_cd in October, 2018; more detailed references are listed at this site.  ",version 1.0
xCL013,NWIS,FerroZine Colorimetric,"NWIS method  description retrieved at https://help.waterdata.usgs.gov/method_cd in October, 2018; more detailed references are listed at this site.  ",version 1.0
xCL149,NWIS,"Iron(II) in unfiltered water determined in the field by the 1,10-phenanthroline method with portable colorimeter using Hach AccuVac ampules. Range up to 3.00 mg/L","NWIS method  description retrieved at https://help.waterdata.usgs.gov/method_cd in October, 2018; more detailed references are listed at this site.  ",version 1.0
xGCM62,NWIS,Volatile Organic Compounds in Water by GC-MS,"NWIS method  description retrieved at https://help.waterdata.usgs.gov/method_cd in October, 2018; more detailed references are listed at this site.  ",version 1.0
xGCM64,NWIS,Volatile Organic Compounds in Water by GC-MS,"NWIS method  description retrieved at https://help.waterdata.usgs.gov/method_cd in October, 2018; more detailed references are listed at this site.  ",version 1.0
xGCM67,NWIS,"Volatile organic compounds, unfiltered water, censored at <0.2 ug/L, purge and trap gas chromatography/mass spectrometry","NWIS method  description retrieved at https://help.waterdata.usgs.gov/method_cd in October, 2018; more detailed references are listed at this site.  ",version 1.0
xGCM68,NWIS,"Volatile organic compounds, unfiltered water, censored at <0.2 ug/L, purge and trap gas chromatography/mass spectrometry","NWIS method  description retrieved at https://help.waterdata.usgs.gov/method_cd in October, 2018; more detailed references are listed at this site.  ",version 1.0
xLUMIN,NWIS,"Dissolved Oxygen, Luminescence Quenching (Luminescence-Based Sensor)","NWIS method  description retrieved at https://help.waterdata.usgs.gov/method_cd in October, 2018; more detailed references are listed at this site.  ",version 1.0
xMEMBR,NWIS,"Dissolved Oxygen, Amperometric (Membrane Electrode Method)","NWIS method  description retrieved at https://help.waterdata.usgs.gov/method_cd in October, 2018; more detailed references are listed at this site.  ",version 1.0
xRHODA,NWIS,"Low level dissolved oxygen, CHEMetrics Rhodazine-D colorimetry (visual comparison) field kit, 0-1 mg/L","NWIS method  description retrieved at https://help.waterdata.usgs.gov/method_cd in October, 2018; more detailed references are listed at this site.  ",version 1.0
xSC001,NWIS,"Specific electrical conductance, field, contacting-type sensor","NWIS method  description retrieved at https://help.waterdata.usgs.gov/method_cd in October, 2018; more detailed references are listed at this site.  ",version 1.0
xSNIF2,NWIS,"Sniff Test, H2S Odor Detection, Unacidified Sample","NWIS method  description retrieved at https://help.waterdata.usgs.gov/method_cd in October, 2018; more detailed references are listed at this site.  ",version 1.0
xTHM01,NWIS,"Temperature, water, thermistor thermometer","NWIS method  description retrieved at https://help.waterdata.usgs.gov/method_cd in October, 2018; more detailed references are listed at this site.  ",version 1.0
xTHM04,NWIS,"Temperature, air, thermistor thermometer","NWIS method  description retrieved at https://help.waterdata.usgs.gov/method_cd in October, 2018; more detailed references are listed at this site.  ",version 1.0
xWLETP,NWIS,"Ground water level, electric tape","NWIS method  description retrieved at https://help.waterdata.usgs.gov/method_cd in October, 2018; more detailed references are listed at this site.  ",version 1.0
xLC003,LOCAL,"Iron (III) calculated by difference of total iron and ferrous iron determined by ferrozine colorimetry, may be comparable to NWIS method code CAL18","Gibbs, M.M., 1979. A simple method for the rapid determination of iron in natural waters. Water Research 13, 295–297; Tuccillo, M.E., Cozzarelli, I.M., Herman, J.S., 1999. Iron reduction in the sediments of a hydrocarbon-contaminated aquifer. Applied Geochemistry vol. 14 (no. 5), 71–83.",version 1.0
xLC002,LOCAL,"Iron(II) in solids extracted with 0.5 M hydrochloric acid and quantified by ferrozine colorimetry, may be comparable to NWIS method code CL185","Gibbs, M.M., 1979. A simple method for the rapid determination of iron in natural waters. Water Research 13, 295–297; Tuccillo, M.E., Cozzarelli, I.M., Herman, J.S., 1999. Iron reduction in the sediments of a hydrocarbon-contaminated aquifer. Applied Geochemistry vol. 14 (no. 5), 71–83.",version 1.0
xEHSHE,NWIS,"Eh, electrode method, normalized to standard hydrogen electrode (SHE)","NWIS method  description retrieved at https://help.waterdata.usgs.gov/method_cd in October, 2018; more detailed references are listed at this site.  ",version 1.0
xLC006,LOCAL,"Ferrous iron by colorimetric bypyrideine,  concentrations determined spectrophotometrically, may be comparable to NWIS method code G0052","Baedecker, M.J., and Cozzarelli, I.M., 1992, The determination and fate of unstable constituents of contaminated groundwater, in Lesage, S., and Jackson, R.E., eds, Groundwater contamination and analysis at hazardous waste sites: New York, Marcel Dekker, Inc., p. 425-462.",version 1.0
xLC005,LOCAL,"Dissolved gases in water by headspace gas chromatography with flame-ionization detection, may be comparable to NWIS method code GCI14","Baedecker, M.J., and Cozzarelli, I.M., 1992, The determination and fate of unstable constituents of contaminated groundwater, in Lesage, S., and Jackson, R.E., eds, Groundwater contamination and analysis at hazardous waste sites: New York, Marcel Dekker, Inc., p. 425-462.",version 1.0
xLC007,LOCAL,"Anions, filtered water, by ion chromatography, may be comparable to NWIS method code IC062","Bennett, P.C., Siegel, D.E., Baedecker, M.J., and Hult, M.F., 1993, Crude oil in a shallow sand and gravel aquifer--I. Hydrogeology and inorganic geochemistry: Applied Geochemistry, v. 8, pp. 529-549.",version 1.0
xINDKT,NWIS,"Dissolved oxygen, CHEMetrics indigo carmine and rhoadazine D colorimetric field kit, 1-12 mg/L","NWIS method  description retrieved at https://help.waterdata.usgs.gov/method_cd in October, 2018; more detailed references are listed at this site.  ",version 1.0
xLC004,LOCAL,"Ammonium by ion-specific electrode, may be comparable to NWIS method code ISE09","Baedecker, M.J., and Cozzarelli, I.M., 1992, The determination and fate of unstable constituents of contaminated groundwater, in Lesage, S., and Jackson, R.E., eds, Groundwater contamination and analysis at hazardous waste sites: New York, Marcel Dekker, Inc., p. 425-462.",version 1.0
xLALK1,LOCAL,"Alkalinity, fixed endpoint titration, autotitrator","Ng, C.G-H., Bekins, B.A., Cozzarelli, I.M., Baedecker, M.J., Bennett, P.C., and Amos, R.T., 2014, A mass balance approach to investigating geochemical controls on secondary water quality impacts at a crude oil spill site near Bemidiji, MN: Journal of Contaminant Hydrology, v. 164, pp. 1-15. ",version 1.0
xLC001,LOCAL,"Total Iron in solids extracted with 0.5 M hydrochloric acid, reduced using hydroxylamine/HCl, and quantified by ferrozine colorimetry","Gibbs, M.M., 1979. A simple method for the rapid determination of iron in natural waters. Water Research 13, 295–297; Tuccillo, M.E., Cozzarelli, I.M., Herman, J.S., 1999. Iron reduction in the sediments of a hydrocarbon-contaminated aquifer. Applied Geochemistry vol. 14 (no. 5), 71–83.",version 1.0
xLCA01,LOCAL,Volatile organic compounds analyzed using solid phase microextraction-gas chromatography/mass spectrometry and results are calculated using deutrated-internal standards.,"Baedecker, M.J., Eaganhouse, R.P., Bekins, B.A., and Delin, G.N., 2011, Loss of volatile hydrocarbons from LNAPL oil source: Journal of Contaminant Hydrology, v. 126, pp. 140-152.",version 1.0
xLCA02,LOCAL,Volatile organic compounds analyzed using solid phase microextraction-gas chromatography/mass spectrometry and semi-quantitative results are calculated using external standards normalized to an internal standard.,"Baedecker, M.J., Eaganhouse, R.P., Bekins, B.A., and Delin, G.N., 2011, Loss of volatile hydrocarbons from LNAPL oil source: Journal of Contaminant Hydrology, v. 126, pp. 140-152.",version 1.0
xLCA03,LOCAL,"Sum of benzene, toluene, ethylbenzene, m-p-xylene, o-xylene-D10, and o-xylene","Eganhouse, R.P., Dorsey, T.F., Phinney, C.S., Westcott, A.M., 1993. Determination of C6 _C10 aromatic hydrocarbons in water by purge and trap capillary gas chromatography: Journal of Chromatography 628, 81 _ 92.",version 1.0
xLCA04,LOCAL,Eh calculated for redox couples using activities of dissolved species and the Nernst equation,"Baedecker, M.J., Cozzarelli, I.M., Eaganhouse, R.P., Siegel, D.I., and Bennett, P.C., 1993, Crude oil in a shallow sand and gravel aquifer--III. Biogeochemical reactions and mass balance modeling in anoxic groundwater: Applied Geochemistry, v. 8, pp. 569-586.",version 1.0
xLCA05,LOCAL,Sediment or interstitial fluid property calculated from field measurements.  ,"Hess, K.M., Herkelrath, W.N., and Essaid, H.I., 1992, Determination of subsurface fluid contents at a crude-oil spill site: Journal of Contaminant Hydrology, v. 10, pp. 75-96. ",version 1.0
xLCA06,LOCAL,Sum of all alkylbenzenes,"Bekins, B.A., I.M. Cozzarelli, E.M. Godsy, E. Warren, H.I. Essaid, and M.E. Tuccillo, 2001, Progression of natural attenuation processes at a crude oil spill site II. Controls on spatial distribution of microbial populations, J. Contam. Hydrol., 53:387-406.; Cozzarelli, I.M., Bekins, B.A., Baedecker, M.J., Aiken, G.R., Eaganhouse, R.P., and Tuccillo, m.E., 2001, Progression of natural attenuation processes at a crude-oil spill site--I. Geochemical evolution of the plume: Journal of Contaminant Hydrology, v. 53, pp. 369-385.",version 1.0
xLCAID,LOCAL,Total dissolved organic carbon via O I Analytical carbon analyzer by nitrogen purge followed by conversion to CO2 by both combustion and oxidation with sodium persulfate and then measured using an infared detector,"Baedecker, M.J., Cozzarelli, I.M., Eaganhouse, R.P., Siegel, D.I., and Bennett, P.C., 1993, Crude oil in a shallow sand and gravel aquifer--III. Biogeochemical reactions and mass balance modeling in anoxic groundwater: Applied Geochemistry, v. 8, pp. 569-586.",version 1.0
xLCID1,LOCAL,Volatile dissolved organic carbon via O I Analytical carbon analyzer by nitrogen purge followed by combustion to CO2 and then measured using an infared detector,"Baedecker, M.J., Cozzarelli, I.M., Eaganhouse, R.P., Siegel, D.I., and Bennett, P.C., 1993, Crude oil in a shallow sand and gravel aquifer--III. Biogeochemical reactions and mass balance modeling in anoxic groundwater: Applied Geochemistry, v. 8, pp. 569-586.",version 1.0
xLCID2,LOCAL,Nonvolatile dissolved organic carbon via O I Analytical carbon analyzer by nitrogen purge followed by conversion to CO2 by oxidation with sodium perdulfate and then measured using an infared detector,"Baedecker, M.J., Cozzarelli, I.M., Eaganhouse, R.P., Siegel, D.I., and Bennett, P.C., 1993, Crude oil in a shallow sand and gravel aquifer--III. Biogeochemical reactions and mass balance modeling in anoxic groundwater: Applied Geochemistry, v. 8, pp. 569-586.",version 1.0
xLCOL1,LOCAL,"Sulfides by modified colorimetric methylene blue method, concentrations determined spectrophotometrically","Baedecker, M.J., and Cozzarelli, I.M., 1992, The determination and fate of unstable constituents of contaminated groundwater, in Lesage, S., and Jackson, R.E., eds, Groundwater contamination and analysis at hazardous waste sites: New York, Marcel Dekker, Inc., p. 425-462.",version 1.0
xLDPES,LOCAL,Trace and major elements by direct-current plasma-emission spectroscopy,"Bennett, P.C., Siegel, D.E., Baedecker, M.J., and Hult, M.F., 1993, Crude oil in a shallow sand and gravel aquifer--I. Hydrogeology and inorganic geochemistry: Applied Geochemistry, v. 8, pp. 529-549.",version 1.0
xLGC01,LOCAL,purge-and-trap capillary gas chromatography with flame ionization and mass spectrometric detection,"Eganhouse, R.P., Dorsey, T.F., Phinney, C.S., Westcott, A.M., 1993. Determination of C6 _C10 aromatic hydrocarbons in water by purge and trap capillary gas chromatography: Journal of Chromatography 628, 81 _ 92.; Eganhouse, R.P., Dorsey, T.F., Phinney, C.S., Westcott, A.M., 1996. Processes affecting the fate of monoaromatic hydrocarbons in an aquifercontaminated by crude oil: Environmental Science & Technology 30, 3304_3312.",version 1.0
xLGC02,LOCAL,"Carbon-13 isotope by gas chromatography followed by cumbustion and mass spectrometry, results reported relative to Peedee belemnite","Baedecker, M.J., Cozzarelli, I.M., Eaganhouse, R.P., Siegel, D.I., and Bennett, P.C., 1993, Crude oil in a shallow sand and gravel aquifer--III. Biogeochemical reactions and mass balance modeling in anoxic groundwater: Applied Geochemistry, v. 8, pp. 569-586.",version 1.0
xLIRMS,LOCAL,Stable isotopes by dual-inlet isotope-ratio mass spectrometer,"Baedecker, M.J., Cozzarelli, I.M., Eaganhouse, R.P., Siegel, D.I., and Bennett, P.C., 1993, Crude oil in a shallow sand and gravel aquifer--III. Biogeochemical reactions and mass balance modeling in anoxic groundwater: Applied Geochemistry, v. 8, pp. 569-586.",version 1.0
xLOIL1,LOCAL,Gravitimetric technique used to measure oil and water content using porous polyethlyene extraction.,"Hess, K.M., Herkelrath, W.N., and Essaid, H.I., 1992, Determination of subsurface fluid contents at a crude-oil spill site: Journal of Contaminant Hydrology, v. 10, pp. 75-96. ",version 1.0
xLSBW1,LOCAL,hydraulic conductivity via pneumatic method slug test and analyzed via Bouwer and Rice straight-line method,"Strobel, M.L., Delin, G.N., Munson, C.J., 1998, Spacial variation in saturation hydraulic conductivity of sediments at a crude-oil spill site near Bemidji, Minnesota: U.S. Geological Survey Water-Resources Investigations Report 98-4053, p. 13. ",version 1.0
xLSBW2,LOCAL,hydraulic conductivity via packer/vacuum system method slug test and analyzed via Bouwer and Rice straight line method,"Strobel, M.L., Delin, G.N., Munson, C.J., 1998, Spacial variation in saturation hydraulic conductivity of sediments at a crude-oil spill site near Bemidji, Minnesota: U.S. Geological Survey Water-Resources Investigations Report 98-4053, p. 13. ",version 1.0
xLSGS1,LOCAL,"Total weight of sediment, oven dried","Hess, K.M., Herkelrath, W.N., and Essaid, H.I., 1992, Determination of subsurface fluid contents at a crude-oil spill site: Journal of Contaminant Hydrology, v. 10, pp. 75-96. ",version 1.0
xLSGS2,LOCAL,Grain size distribution via sieve analysis-ASTM,"ASTM C136/C136M-14, 2014, Standard test method for sieve analysis of fine and coarse aggregates, ASTM International, West Conshohocken, PA.",version 1.0
xLSGS3,LOCAL,Grain size distribution via hydrometer analysis,"ASTM D422-63, 2007, Standard test method for particle-size analysis of soils, ASTM International, West Conshohocken, PA.",version 1.0
xLSOD1,LOCAL,Soil is oven dried and weighed to determined oven dry soil weight.,"Hess, K.M., Herkelrath, W.N., and Essaid, H.I., 1992, Determination of subsurface fluid contents at a crude-oil spill site: Journal of Contaminant Hydrology, v. 10, pp. 75-96. ",version 1.0
xLC008,LOCAL,"Elements, water, filtered, syringe filtration and inductively coupled plasma mass spectrometry, may be comparable to  NWIS method code PLM79","Ng, C.G-H., Bekins, B.A., Cozzarelli, I.M., Baedecker, M.J., Bennett, P.C., and Amos, R.T., 2014, A mass balance approach to investigating geochemical controls on secondary water quality impacts at a crude oil spill site near Bemidiji, MN: Journal of Contaminant Hydrology, v. 164, pp. 1-15. ",version 1.0
xPROBE,NWIS,"pH, field,  electrometric","NWIS method  description retrieved at https://help.waterdata.usgs.gov/method_cd in October, 2018; more detailed references are listed at this site.  ",version 1.0
xTHM02,NWIS,"Temperature, water, liquid-in-glass thermometer","NWIS method  description retrieved at https://help.waterdata.usgs.gov/method_cd in October, 2018; more detailed references are listed at this site.  ",version 1.0
xTT055,NWIS,"Alkalinity, fixed endpoint titration, buret titrator","NWIS method  description retrieved at https://help.waterdata.usgs.gov/method_cd in October, 2018; more detailed references are listed at this site.  ",version 1.0
xWLPTR,NWIS,Groundwater level via pressure transducer,"NWIS method  description retrieved at https://help.waterdata.usgs.gov/method_cd in October, 2018; more detailed references are listed at this site.  ",version 1.0
xLGC03,LOCAL,Organic acids by high resolution gas chromatography-mass spectrometry,"Cozzarelli, I.M., Baedecker, M.J., Eganhouse, R.P., and Goerlitz, D.F. 1994. The geochemical evolution of low-molecular-weight organic acids derived from the degradation of petroleum contaminants in groundwater. Geochimica et Cosmochimica Acta 58, no. 2: 863–877; Cozzarelli, I.M., 1993, The biogeochemical fate of organic acids in a shallow aquifer contaminated with gasoline: Charlottesville, University of Virginia, Ph.D. dissertation, 240 p.; Cozzarelli, I.M., Eganhouse. R.P., and  Baedecker, M.J. 1990. Transformation of monoaromatic hydrocarbons to organic acids in anoxic groundwater environment. Environmental Geology and Water Sciences, 16(2), pp.135-141.",version 2.0
xAZIDE,NWIS,"Dissolved Oxygen, Alsterberg-Azide modification of the Winkler Titration","NWIS method  description retrieved at https://help.waterdata.usgs.gov/method_cd in August, 2019; more detailed references are listed at this site.  ",version 2.0
xLSGS4,LOCAL,Grain size distribution via sieve analysis-local method,"Hess, K.M., Herkelrath, W.N., and Essaid, H.I., 1992, Determination of subsurface fluid contents at a crude-oil spill site: Journal of Contaminant Hydrology, v. 10, pp. 75-96.",version 2.0
xGC121,NWIS,Gases in soil gas by gas chromatography with thermal conductivity detector (lab: CANUBCEO),NWIS method  description retrieved locally but will be available at https://help.waterdata.usgs.gov/method_cd in February 2020; more detailed references are listed at this site.  ,version 3.0
xGC122,NWIS,Gases in soil gas by gas chromatography with thermal conductivity detector (USGSMNWC),NWIS method  description retrieved locally but will be available at https://help.waterdata.usgs.gov/method_cd in February 2020; more detailed references are listed at this site.  ,version 3.0
xCAL36,NWIS,Calculated from equation and raw sensor data,NWIS method  description retrieved locally but will be available at https://help.waterdata.usgs.gov/method_cd in February 2020; more detailed references are listed at this site.  ,version 3.0
xIR008,NWIS,LICOR Model LI-8100 infrared gas analyzer,NWIS method  description retrieved locally but will be available at https://help.waterdata.usgs.gov/method_cd in February 2020; more detailed references are listed at this site.  ,version 3.0
xBARO2,NWIS,Apogee Instruments Sensor SB-100,NWIS method  description retrieved locally but will be available at https://help.waterdata.usgs.gov/method_cd in February 2020; more detailed references are listed at this site.  ,version 3.0
xEL023,NWIS,Apogee Instruments Sensor SO-110,NWIS method  description retrieved locally but will be available at https://help.waterdata.usgs.gov/method_cd in February 2020; more detailed references are listed at this site.  ,version 3.0
xIR007,NWIS,Vaisala Instruments Sensor model GMP221,NWIS method  description retrieved locally but will be available at https://help.waterdata.usgs.gov/method_cd in February 2020; more detailed references are listed at this site.  ,version 3.0
x00149,NWIS,Campbell Scientific Instruments Sensor CS650,NWIS method  description retrieved locally but will be available at https://help.waterdata.usgs.gov/method_cd in February 2020; more detailed references are listed at this site.  ,version 3.0
xHTPRB,NWIS,Heat dissipation probe,NWIS method  description retrieved locally but will be available at https://help.waterdata.usgs.gov/method_cd in February 2020; more detailed references are listed at this site.  ,version 3.0
xG0015,NWIS,No information exists for method,NWIS method  description retrieved locally but will be available at https://help.waterdata.usgs.gov/method_cd in February 2020; more detailed references are listed at this site.  ,version 3.0
xSADVM,NWIS,Stream velocity measured using a sideways looking acoustic doppler velocity meter.,NWIS method  description retrieved locally but will be available at https://help.waterdata.usgs.gov/method_cd in February 2020; more detailed references are listed at this site.  ,version 3.0
xUADVM,NWIS,Stream velocity measured using an upward looking acoustic doppler velocity meter.,NWIS method  description retrieved locally but will be available at https://help.waterdata.usgs.gov/method_cd in February 2020; more detailed references are listed at this site.  ,version 3.0
xV-EST,NWIS,"Stream velocity, estimated",NWIS method  description retrieved locally but will be available at https://help.waterdata.usgs.gov/method_cd in February 2020; more detailed references are listed at this site.  ,version 3.0
xVADCP,NWIS,"Stream velocity, acoustic doppler current profiler",NWIS method  description retrieved locally but will be available at https://help.waterdata.usgs.gov/method_cd in February 2020; more detailed references are listed at this site.  ,version 3.0
xVADV,NWIS,"Stream velocity, acoustic doppler velocimeter",NWIS method  description retrieved locally but will be available at https://help.waterdata.usgs.gov/method_cd in February 2020; more detailed references are listed at this site.  ,version 3.0
xVELC,NWIS,Stream velocity measured using an Electromagnetic Velocity Meter,NWIS method  description retrieved locally but will be available at https://help.waterdata.usgs.gov/method_cd in February 2020; more detailed references are listed at this site.  ,version 3.0
xVICE,NWIS,Stream velocity measured with Ice Vane Meter,NWIS method  description retrieved locally but will be available at https://help.waterdata.usgs.gov/method_cd in February 2020; more detailed references are listed at this site.  ,version 3.0
xVIPAA,NWIS,Stream Velocity measured with a Price AA meter with polymer cups,NWIS method  description retrieved locally but will be available at https://help.waterdata.usgs.gov/method_cd in February 2020; more detailed references are listed at this site.  ,version 3.0
xVIPYG,NWIS,Stream Velocity measured with a Price Pygmy meter with polymer cups,NWIS method  description retrieved locally but will be available at https://help.waterdata.usgs.gov/method_cd in February 2020; more detailed references are listed at this site.  ,version 3.0
xVOTT,NWIS,"Stream velocity, horizontal shaft (Ott) meter",NWIS method  description retrieved locally but will be available at https://help.waterdata.usgs.gov/method_cd in February 2020; more detailed references are listed at this site.  ,version 3.0
xVPAA,NWIS,"Stream velocity, Price AA meter",NWIS method  description retrieved locally but will be available at https://help.waterdata.usgs.gov/method_cd in February 2020; more detailed references are listed at this site.  ,version 3.0
xVPYG,NWIS,"Stream velocity, Price pygmy meter",NWIS method  description retrieved locally but will be available at https://help.waterdata.usgs.gov/method_cd in February 2020; more detailed references are listed at this site.  ,version 3.0
xVRAD,NWIS,"Stream surface velocity, radar",NWIS method  description retrieved locally but will be available at https://help.waterdata.usgs.gov/method_cd in February 2020; more detailed references are listed at this site.  ,version 3.0
xVTIME,NWIS,Stream velocity measured by any time of travel method,NWIS method  description retrieved locally but will be available at https://help.waterdata.usgs.gov/method_cd in February 2020; more detailed references are listed at this site.  ,version 3.0
xVTRNS,NWIS,The method used to measure the velocity is not known.,NWIS method  description retrieved locally but will be available at https://help.waterdata.usgs.gov/method_cd in February 2020; more detailed references are listed at this site.  ,version 3.0
xVULT,NWIS,"Stream velocity, ultrasonic meter",NWIS method  description retrieved locally but will be available at https://help.waterdata.usgs.gov/method_cd in February 2020; more detailed references are listed at this site.  ,version 3.0
